MEDIA_ID,MEDIA_NAME,CNT,TIME,TIMETICK(f=10000000),FPOGX,FPOGY,FPOGS,FPOGD,FPOGID,FPOGV,BPOGX,BPOGY,BPOGV,CX,CY,CS,USER,LPCX,LPCY,LPD,LPS,LPV,RPCX,RPCY,RPD,RPS,RPV,BKID,BKDUR,BKPMIN,LPMM,LPMMV,RPMM,RPMMV,DIAL,DIALV,GSR,GSRV,HR,HRV,TTL0,TTL1,TTLV,PIXS,PIXV,AOI,SACCADE_MAG,SACCADE_DIR
0,NewMedia0,2,0.03328,21212723720,0.38848,0.14656,0,0.03328,1,1,0.39714,0.1434,1,0.37344,0.0963,0,,0.35274,0.60527,15.66938,0.95494,1,0.70974,0.61225,16.04108,0.95494,1,0,0,9,3.7842,1,4.00381,1,0,0,0,0,0,0,1,1,0,0,0,,0,0
0,NewMedia0,17,0.28122,21215203165,0.38198,0.09485,0.04982,0.2314,2,1,0.34976,0.07586,1,0.45937,0.65,0,,0.35857,0.60272,15.65313,1,1,0.71515,0.61208,16.19578,1,1,0,0,8,3.84777,1,3.98541,1,0,0,0,0,0,0,1,1,0,0,0,,57.22425,102.59682
0,NewMedia0,21,0.3452,21215842962,0.40357,0.09798,0.29498,0.05022,3,1,0.42885,0.1265,1,0.45937,0.65,0,,0.35954,0.60322,15.38179,0.9728,1,0.71621,0.61299,15.85323,0.98338,1,0,0,8,3.95959,1,4.03596,1,0,0,0,0,0,0,1,1,0,0,0,,41.59036,355.33795
0,NewMedia0,46,0.75945,21219985490,0.5098,0.77466,0.45963,0.29982,4,1,0.49896,0.99797,1,0.49844,0.9713,0,,0.35789,0.61802,16.1566,0.95522,1,0.71447,0.62681,16.98683,0.96428,1,0,0,8,3.94453,1,4.161,1,0,0,0,0,0,0,1,1,0,0,0,,758.74243,285.59378
0,NewMedia0,98,1.61185,21228509404,0.51332,0.98805,0.82243,0.78941,5,1,0.50982,0.96651,1,0.49896,0.9787,0,,0.35649,0.62079,17.75073,0.97307,1,0.71299,0.62793,18.66458,0.98214,1,0,0,8,4.2534,1,4.44066,1,0,0,0,0,0,0,1,1,0,0,0,,230.56026,271.67975
0,NewMedia0,126,2.06984,21233089399,0.4013,0.41845,1.67606,0.39378,6,1,0.4081,0.42629,1,0.78385,0.80093,0,,0.34882,0.61153,16.39877,1,1,0.70529,0.61521,17.03346,0.99093,1,0,0,8,4.06998,1,4.09112,1,0,0,0,0,0,0,1,1,0,0,0,,651.68268,109.27094
0,NewMedia0,145,2.38133,21236204310,0.88161,0.87925,2.13629,0.24504,7,1,0.91133,0.96839,1,0.86823,0.90278,0,,0.36014,0.61862,16.22956,0.94615,1,0.71649,0.6245,16.75643,0.94615,1,0,0,8,4.12655,1,4.31193,1,0,0,0,0,0,0,1,1,0,0,0,,1047.90894,331.64642
0,NewMedia0,168,2.76009,21239991769,0.89787,0.95162,2.39853,0.36156,8,1,0.91465,1.01277,1,0.88698,0.89537,0,,0.36106,0.6196,17.1417,0.96373,1,0.718,0.62641,17.37176,0.95588,1,0,0,8,4.15977,1,4.4557,1,0,0,0,0,0,0,1,1,0,0,0,,84.16397,291.77319
0,NewMedia0,195,3.20444,21244435277,0.89806,0.94971,2.77579,0.42865,9,1,0.84165,0.72212,1,0.88958,0.89074,0,,0.35635,0.61716,15.58515,0.98571,1,0.71276,0.62236,16.75025,0.98571,1,0,0,8,4.36017,1,4.33343,1,0,0,0,0,0,0,1,1,0,0,0,,2.09489,79.96958
0,NewMedia0,225,3.6969,21249359968,0.38648,0.30291,3.26872,0.42818,10,1,0.42232,0.35072,1,0.88958,0.89074,0,,0.34445,0.6133,15.34584,0.96401,1,0.70095,0.6145,15.55558,0.95494,1,0,0,8,4.08832,1,4.03286,1,0,0,0,0,0,0,1,1,0,0,0,,1205.29944,144.58037
0,NewMedia0,254,4.17363,21254127297,0.90082,0.97311,3.76241,0.41122,11,1,0.86861,0.87477,1,0.88958,0.89074,0,,0.35934,0.62219,17.56415,0.99212,1,0.71622,0.62691,17.20973,0.98306,1,0,0,8,4.21539,1,4.34572,1,0,0,0,0,0,0,1,1,0,0,0,,1224.38989,323.76031
0,NewMedia0,302,4.9626,21262017050,0.88295,0.9208,4.18883,0.77377,12,1,0.55736,0.54009,1,0.89844,0.88148,0,,0.34482,0.6163,17.06117,1.01263,1,0.70158,0.61699,17.09202,1.00357,1,0,0,7,4.29755,1,4.43119,1,0,0,0,0,0,0,1,1,0,0,0,,66.09747,121.27111
0,NewMedia0,326,5.35643,21265955202,0.16883,0.28607,5.07605,0.28038,13,1,0.11711,0.30682,1,0.70052,0.8787,0,,0.32278,0.60315,16.51449,0.97307,1,0.67926,0.59746,17.26847,0.96401,1,0,0,6,4.16965,1,4.27727,1,0,0,0,0,0,0,1,1,0,0,0,,1532.92712,153.43651
0,NewMedia0,344,5.65108,21268901731,0.13601,0.31617,5.37366,0.27742,14,1,0.16308,0.35218,1,0.70052,0.8787,0,,0.31158,0.60919,16.66587,0.95494,1,0.66718,0.59581,16.56538,0.95494,1,0,0,6,4.13206,1,4.21183,1,0,0,0,0,0,0,1,1,0,0,0,,70.90546,207.28839
0,NewMedia0,366,6.01343,21272525260,0.15818,0.3245,5.66756,0.34587,15,1,0.16752,0.2863,1,0.5349,0.64537,0,,0.31656,0.61365,17.07971,0.92857,1,0.67217,0.60184,17.15532,0.93763,1,0,0,6,4.18991,1,4.21295,1,0,0,0,0,0,0,1,1,0,0,0,,43.50668,348.06616
0,NewMedia0,383,6.29166,21275307520,0.21979,0.35873,6.03322,0.25844,16,1,0.12848,0.81902,1,0.4776,0.62315,0,,0.31446,0.62132,16.34173,0.95549,1,0.66884,0.60946,17.20083,0.94643,1,0,0,6,4.32342,1,4.56258,1,0,0,0,0,0,0,1,1,0,0,0,,123.93333,342.64493
0,NewMedia0,409,6.72195,21279610499,0.12734,0.82549,6.35779,0.36417,17,1,0.16456,0.52509,1,0.24635,0.5963,0,,0.28843,0.62178,17.88025,0.92857,1,0.64597,0.59687,18.28618,0.92857,1,0,0,6,4.43039,1,4.48342,1,0,0,0,0,0,0,1,1,0,0,0,,534.43921,250.60181
0,NewMedia0,428,7.03465,21282737517,0.12427,0.40546,6.78529,0.24936,18,1,0.10156,0.25462,1,0.23802,0.5537,0,,0.23931,0.64057,18.5318,0.92857,1,0.61333,0.59792,18.68138,0.92857,1,0,0,6,4.33862,1,4.42457,1,0,0,0,0,0,0,1,1,0,0,0,,453.67068,90.74445
0,NewMedia0,470,7.72188,21289609823,0.15127,0.34461,7.05174,0.67014,19,1,0.19481,0.25061,1,0.23802,0.5537,0,,0.32349,0.6145,16.52018,0.88238,1,0.69539,0.605,17.04774,0.89024,1,0,0,6,3.91801,1,4.16207,1,0,0,0,0,0,0,1,1,0,0,0,,83.70329,51.73273
0,NewMedia0,491,8.06641,21293055040,0.14527,0.28071,7.7374,0.32901,20,1,0.09593,0.41028,1,0.23802,0.5537,0,,0.30903,0.61445,17.4376,0.91285,1,0.67538,0.59557,17.35873,0.905,1,0,0,6,4.01523,1,4.17839,1,0,0,0,0,0,0,1,1,0,0,0,kod,69.9669,99.47688
0,NewMedia0,510,8.38026,21296193596,0.1676,0.37182,8.13321,0.24706,21,1,0.30073,0.42437,0,0.23802,0.5537,0,,0.19429,0.67384,15.79526,0.92857,1,0.53617,0.56092,17.02186,0.92857,1,0,0,5,5.64,1,5.75032,1,0,0,0,0,0,0,1,1,0,0,0,kod,107.33346,293.5434
0,NewMedia0,533,8.75641,21299955016,0.16536,0.2553,8.54227,0.21414,22,1,0.15104,0.1978,1,0.23802,0.5537,0,,0.02151,0.74018,18.33883,0.86666,0,0.28213,0.5345,18.89454,0.86666,1,0,0,5,5.4011,0,6.42877,1,0,0,0,0,0,0,1,1,0,0,0,kod,125.91508,91.95741
0,NewMedia0,555,9.11801,21303571098,0.15858,0.26646,8.77383,0.34418,23,1,0.19426,0.35473,1,0.23802,0.5537,0,,0.02151,0.74018,18.33883,0.8125,0,0.42216,0.48679,19.56833,0.8125,1,0,0,5,5.4011,0,5.5861,1,0,0,0,0,0,0,1,1,0,0,0,kod,17.74058,222.7961
0,NewMedia0,574,9.4297,21306688045,0.17761,0.32348,9.13408,0.29562,24,1,0.18866,0.34616,1,0.23802,0.5537,0,,0.02151,0.74018,18.33883,0.8125,0,0.47943,0.49132,18.41487,0.8125,1,0,0,5,5.4011,0,5.4999,1,0,0,0,0,0,0,1,1,0,0,0,kod,71.60509,300.68152
0,NewMedia0,640,10.51392,21317530098,0.12843,0.36368,9.44632,1.0676,25,1,0.19458,0.42195,1,0.23802,0.5537,0,,0.12225,0.64078,18.44625,0.80903,1,0.47557,0.48346,18.07162,0.82983,1,0,0,5,4.47859,1,4.40382,1,0,0,0,0,0,0,1,1,0,0,0,kod,103.92857,204.69254
0,NewMedia0,657,10.79427,21320333677,0.15254,0.36779,10.53104,0.26323,26,1,0.13538,0.38622,0,0.23802,0.5537,0,,0.12919,0.6384,18.7444,0.83916,0,0.48335,0.48356,18.62559,0.83916,0,20,0,5,4.42629,0,4.35908,0,0,0,0,0,0,0,1,1,0,0,0,kod,46.50354,354.52271
0,NewMedia0,689,11.3231,21325622014,0.20649,0.31606,11.10706,0.21605,27,1,0.24097,0.29728,1,0.23802,0.5537,0,,0.37729,0.58832,17.35579,0.9467,1,0.73738,0.56174,18.33365,0.93763,1,0,0,6,4.17101,1,4.41032,1,0,0,0,0,0,0,1,1,0,0,0,kod,117.68993,28.34037
0,NewMedia0,722,11.86249,21331015789,0.18686,0.32892,11.33623,0.52626,28,1,0.21302,0.29896,1,0.23802,0.5537,0,,0.38741,0.57656,15.28127,0.95549,1,0.74864,0.56951,16.7818,0.94643,1,0,0,6,3.93738,1,4.11316,1,0,0,0,0,0,0,1,1,0,0,0,kod,40.16721,200.22908
0,NewMedia0,748,12.28833,21335274333,0.20144,0.31067,11.87869,0.40964,29,1,0.23197,0.21425,1,0.23802,0.5537,0,,0.38138,0.58212,15.93302,0.94615,1,0.74329,0.57678,16.14163,0.94615,1,0,0,6,3.76469,1,3.99914,1,0,0,0,0,0,0,1,1,0,0,0,kod,34.23635,35.14898
0,NewMedia0,796,13.07712,21343162146,0.22977,0.32117,12.30649,0.77063,30,1,0.27486,0.37395,1,0.23854,0.54722,0,,0.37839,0.59114,16.41897,0.90547,1,0.74221,0.59211,17.0832,0.89762,1,0,0,6,4.09156,1,4.04562,1,0,0,0,0,0,0,1,1,0,0,0,kod,55.56313,348.2236
0,NewMedia0,832,13.66884,21349079292,0.23218,0.32071,13.09398,0.57486,31,1,0.17515,0.1491,1,0.21927,0.53148,0,,0.37645,0.59152,17.79137,0.92857,1,0.74012,0.59389,18.01951,0.92857,1,0,0,6,4.27343,1,4.41735,1,0,0,0,0,0,0,1,1,0,0,0,kod,4.65376,6.12846
0,NewMedia0,852,13.99796,21352370581,0.15594,0.24678,13.73615,0.26181,32,1,0.13609,0.25553,1,0.21927,0.53148,0,,0.39042,0.58673,18.07741,0.94732,1,0.75441,0.60037,18.14843,0.94732,1,0,0,6,4.32715,1,4.29315,1,0,0,0,0,0,0,1,1,0,0,0,kod,166.74071,151.38945
0,NewMedia0,876,14.39151,21356306058,0.16067,0.35376,14.01407,0.37744,33,1,0.16365,0.32957,1,0.21927,0.53148,0,,0.4054,0.58092,18.14717,0.93736,1,0.76744,0.60285,18.43477,0.94643,1,0,0,5,4.30783,1,4.45314,1,0,0,0,0,0,0,1,1,0,0,0,kod,115.89476,274.49435
0,NewMedia0,901,14.8019,21360409979,0.17616,0.19213,14.55527,0.24663,34,1,0.11601,0.05834,1,0.21927,0.53148,0,,0.37255,0.58853,16.78333,0.97335,1,0.73306,0.5844,17.85361,0.96428,1,0,0,5,4.15319,1,4.4079,1,0,0,0,0,0,0,1,1,0,0,0,kod,177.07582,80.33105
0,NewMedia0,934,15.34474,21365838393,0.18531,0.14978,14.81938,0.52536,35,1,0.20447,0.14651,1,0.06198,0.10648,0,,0.35049,0.5899,16.25297,0.92857,1,0.71137,0.57274,17.36455,0.92857,1,0,0,5,3.88738,1,4.29591,1,0,0,0,0,0,0,1,1,0,0,0,pitanje,48.99592,68.98811
0,NewMedia0,950,15.60774,21368468361,0.14698,0.10586,15.36043,0.24731,36,1,0.09408,0.12842,1,0.0974,0.15463,0,,0.34946,0.58601,16.23359,0.97362,1,0.70881,0.56809,16.97643,0.97362,1,0,0,5,3.87322,1,4.13846,1,0,0,0,0,0,0,1,1,0,0,0,pitanje,87.55552,147.19684
0,NewMedia0,965,15.85641,21370955176,0.09578,0.20463,15.62758,0.22884,37,1,0.08376,0.37371,1,0.06979,0.24074,0,,0.3535,0.59285,15.96134,0.92857,1,0.71229,0.57827,16.60886,0.92857,1,0,0,5,3.91954,1,3.98046,1,0,0,0,0,0,0,1,1,0,0,0,kod,145.06035,227.33765
0,NewMedia0,984,16.16681,21374059128,0.13295,0.323,15.87015,0.29666,38,1,0.20282,0.30706,1,0.06875,0.25185,0,,0.35304,0.59299,12.94084,0.92857,0,0.71318,0.57217,16.68719,0.92857,1,0,0,5,3.48851,0,4.04214,1,0,0,0,0,0,0,1,1,0,0,0,kod,146.41084,299.17242
0,NewMedia0,1009,16.57605,21378151423,0.16327,0.33792,16.18228,0.39377,39,1,0.16974,0.34594,1,0.09479,0.30833,0,,0.35755,0.58416,16.4514,0.94615,1,0.71732,0.57265,16.26186,0.94615,1,0,0,5,4.10291,1,4.12574,1,0,0,0,0,0,0,1,1,0,0,0,kod,60.40335,344.52805
0,NewMedia0,1041,17.10188,21383409796,0.14245,0.29224,16.59259,0.50929,40,1,0.21076,0.23736,1,0.10573,0.35463,0,,0.36874,0.58313,15.81259,0.92857,1,0.72967,0.57848,16.30379,0.93763,1,0,0,4,4.0033,1,3.98257,1,0,0,0,0,0,0,1,1,0,0,0,kod,63.49674,129.01695
0,NewMedia0,1059,17.40036,21386394497,0.16607,0.26638,17.11821,0.28215,41,1,0.15603,0.29401,1,0.09896,0.3037,0,,0.36785,0.58422,16.53971,0.92857,1,0.72918,0.58093,16.15547,0.92857,1,0,0,4,4.04499,1,4.0488,1,0,0,0,0,0,0,1,1,0,0,0,kod,53.26046,31.62662
0,NewMedia0,1088,17.87462,21391137144,0.16186,0.3093,17.41402,0.4606,42,1,0.17821,0.36308,1,0.09896,0.3037,0,,0.38277,0.58016,16.52168,0.95494,1,0.74484,0.58386,16.81191,0.95494,1,0,0,4,4.12711,1,4.1043,1,0,0,0,0,0,0,1,1,0,0,0,kod,47.05311,260.10818
0,NewMedia0,1117,18.3513,21395904043,0.2009,0.26396,17.89113,0.46017,43,1,0.23396,0.26077,1,0.15052,0.30463,0,,0.38007,0.58228,17.00233,0.94615,1,0.74177,0.58577,16.83424,0.94615,1,0,0,4,4.0662,1,4.09269,1,0,0,0,0,0,0,1,1,0,0,0,kod,89.53383,33.15547
0,NewMedia0,1139,18.71303,21399521211,0.23117,0.29326,18.36758,0.34544,44,1,0.23468,0.19631,1,0.1599,0.3037,0,,0.381,0.58986,17.14002,0.98187,1,0.74085,0.59339,16.25613,0.99093,1,0,0,4,4.14207,1,4.22624,1,0,0,0,0,0,0,1,1,0,0,0,kod,66.1747,331.43283
0,NewMedia0,1176,19.31984,21405589327,0.22857,0.292,18.72978,0.59006,45,1,0.24561,0.30073,1,0.1599,0.3037,0,,0.37888,0.59019,16.98781,0.93763,1,0.73886,0.59314,16.50641,0.92857,1,0,0,4,4.18514,1,4.21797,1,0,0,0,0,0,0,1,1,0,0,0,kod,5.17416,164.75179
0,NewMedia0,1204,19.78029,21410193713,0.25084,0.27155,19.33623,0.44406,46,1,0.27998,0.28694,1,0.1599,0.3037,0,,0.37625,0.59263,17.34688,0.90716,1,0.73681,0.59588,16.90377,0.91622,1,0,0,4,4.20162,1,4.15972,1,0,0,0,0,0,0,1,1,0,0,0,kod,48.12561,27.3177
0,NewMedia0,1229,20.19456,21414336539,0.25312,0.31906,19.79668,0.39789,47,1,0.25102,0.34715,1,0.16042,0.41852,0,,0.37754,0.59421,17.79413,0.9467,1,0.73832,0.59872,17.05899,0.95577,1,0,0,4,4.24498,1,4.40735,1,0,0,0,0,0,0,1,1,0,0,0,kod,51.49722,274.8764
0,NewMedia0,1253,20.58623,21418253374,0.19387,0.34769,20.20747,0.37875,48,1,0.20231,0.79466,1,0.16198,0.41944,0,,0.37662,0.59772,9.92437,0.96483,1,0.73524,0.59861,14.67482,0.96483,1,0,0,4,2.94719,1,4.12453,1,0,0,0,0,0,0,1,1,0,0,0,kod,117.88731,195.20584
0,NewMedia0,1293,21.24245,21424815315,0.25557,0.29326,20.89793,0.34451,49,1,0.26004,0.32161,1,0.16354,0.41944,0,,0.38437,0.59163,17.77733,0.92857,1,0.74411,0.5997,17.82477,0.92857,1,0,0,5,4.40708,1,4.36938,1,0,0,0,0,0,0,1,1,0,0,0,kod,132.24722,26.3916
0,NewMedia0,1329,21.83339,21430724799,0.1387,0.85613,21.3611,0.47229,50,1,0.14229,0.8908,1,0.07187,0.88981,0,,0.37459,0.60192,17.76548,0.92857,1,0.73472,0.60746,18.9069,0.92857,1,0,0,5,4.37815,1,4.46305,1,0,0,0,0,0,0,1,1,0,0,0,odgovori,647.99158,249.73969
0,NewMedia0,1420,23.32875,21445678434,0.14773,0.89622,21.85008,1.47867,51,1,0.14667,0.83929,1,0.06198,0.92315,0,,0.37548,0.61012,17.2432,0.905,1,0.73871,0.62065,18.80002,0.91285,1,0,0,5,4.19942,1,4.40451,1,0,0,0,0,0,0,1,1,0,0,0,odgovori,46.63945,291.82278
0,NewMedia0,1498,24.61003,21458491173,0.13874,0.87629,23.34581,1.26422,52,1,0.16349,0.70129,1,0.06875,0.86019,0,,0.36517,0.61987,16.91645,0.94615,1,0.72763,0.62388,18.53833,0.94615,1,0,0,5,4.26506,1,4.3609,1,0,0,0,0,0,0,1,1,0,0,0,odgovori,27.59045,128.72681
0,NewMedia0,1526,25.07002,21463091304,0.20165,0.3948,24.67805,0.39197,53,1,0.27283,0.40632,1,0.06875,0.86019,0,,0.35066,0.57874,6.85511,0.86666,0,0.72864,0.61126,16.98115,0.86666,1,0,0,5,2.78457,0,4.27151,1,0,0,0,0,0,0,1,1,0,0,0,kod,533.85321,76.92329
0,NewMedia0,1565,25.7115,21469506064,0.12963,0.8985,25.33391,0.37759,54,1,0.1363,0.83155,1,0.07083,0.87685,0,,0.36201,0.61807,17.86053,0.92857,1,0.72519,0.62258,19.24821,0.92857,1,0,0,6,4.37659,1,4.50186,1,0,0,0,0,0,0,1,1,0,0,0,odgovori,561.29541,255.73804
0,NewMedia0,1576,25.89149,21471305969,0.37428,0.90651,25.72813,0.16336,55,1,0.86478,0.94616,1,0.32448,0.86481,0,,0.37876,0.61744,18.72759,0.92857,1,0.74125,0.62469,18.48846,0.92857,1,0,0,6,4.5155,1,4.55298,1,0,0,0,0,0,0,1,1,0,0,0,,469.80768,358.94492
0,NewMedia0,1598,26.25362,21474927038,0.88829,0.97655,25.9568,0.29681,56,1,0.90157,0.98676,1,0.73229,0.8037,0,,0.37726,0.61608,18.46638,0.92351,1,0.74095,0.62355,17.63991,0.92351,1,0,0,6,4.33374,1,4.47414,1,0,0,0,0,0,0,1,1,0,0,0,sledece,989.79376,355.617
0,NewMedia0,1625,26.69749,21479365864,0.88495,0.97813,26.27034,0.42715,57,1,0.5734,0.86682,1,0.82187,0.85,0,,0.37434,0.61408,16.77212,0.91285,1,0.73757,0.62433,17.89808,0.905,1,0,0,6,4.15427,1,4.41921,1,0,0,0,0,0,0,1,1,0,0,0,sledece,6.63588,194.90108
0,NewMedia0,1658,27.23936,21484784697,0.15819,0.88853,26.76335,0.47601,58,1,0.15753,0.83874,1,0.86875,0.86574,0,,0.36335,0.61656,16.90214,0.93736,1,0.72633,0.62364,18.83334,0.93736,1,0,0,6,4.20629,1,4.4021,1,0,0,0,0,0,0,1,1,0,0,0,odgovori,1398.73047,176.03294
0,NewMedia0,1678,27.56731,21488064020,0.14883,0.86239,27.25615,0.31116,59,1,0.21204,0.91472,1,0.86875,0.86574,0,,0.36294,0.61667,16.62362,0.89714,1,0.72637,0.62387,18.49977,0.89714,1,0,0,6,4.17398,1,4.34388,1,0,0,0,0,0,0,1,1,0,0,0,odgovori,33.46592,122.47964
0,NewMedia0,1696,27.86272,21491018096,0.15547,0.83758,27.58434,0.27838,60,1,0.19916,0.61616,1,0.86875,0.86574,0,,0.36628,0.61387,16.43662,0.91333,1,0.73001,0.62285,18.48364,0.91333,1,0,0,6,4.05345,1,4.29345,1,0,0,0,0,0,0,1,1,0,0,0,odgovori,29.67305,64.55511
0,NewMedia0,1732,28.45491,21496939968,0.25403,0.37213,27.929,0.52591,61,1,0.24161,0.28334,1,0.90885,0.89815,0,,0.36309,0.60889,17.27321,0.94053,1,0.72603,0.61508,17.35003,0.93146,1,0,0,6,4.05452,1,4.1704,1,0,0,0,0,0,0,1,1,0,0,0,kod,537.12488,69.37125
0,NewMedia0,1745,28.66866,21499077402,0.44673,0.4858,28.47151,0.19714,62,1,0.93431,0.96034,1,0.90885,0.89815,0,,0.37763,0.61727,16.74652,0.91285,1,0.73913,0.62619,17.56729,0.92071,1,0,0,6,4.2228,1,4.34628,1,0,0,0,0,0,0,1,1,0,0,0,kod,389.81921,341.64374
0,NewMedia0,1779,29.22707,21504661675,0.92459,0.95176,28.73427,0.4928,63,1,0.85143,0.99293,1,0.90781,0.87593,0,,0.37229,0.61621,17.52212,0.89714,1,0.73656,0.62399,18.18756,0.905,1,0,0,6,4.44109,1,4.52827,1,0,0,0,0,0,0,1,1,0,0,0,sledece,1046.44031,331.25558
0,NewMedia0,1801,29.5887,21508278029,0.21582,0.32696,29.29347,0.29523,64,1,0.23886,0.29355,1,0.90781,0.87593,0,,0.36264,0.60676,17.4434,0.94615,1,0.72537,0.61274,18.37209,0.94615,1,0,0,6,4.15856,1,4.35355,1,0,0,0,0,0,0,1,1,0,0,0,kod,1518.95178,153.62508
0,NewMedia0,1832,30.09727,21513363698,0.18229,0.26772,29.60558,0.4917,65,1,0.18059,0.29622,1,0.54792,0.72222,0,,0.35917,0.6062,16.83841,0.92857,1,0.7213,0.61097,17.40762,0.92857,1,0,0,6,4.14961,1,4.28351,1,0,0,0,0,0,0,1,1,0,0,0,kod,90.76238,135.17784
0,NewMedia0,1848,30.3607,21515998114,0.13652,0.33311,30.11406,0.24664,66,1,0.10149,0.60767,0,0.54792,0.72222,0,,0.35798,0.60932,13.24503,0.92857,0,0.71992,0.61718,11.63351,0.92857,0,23,0,6,3.66034,0,3.90572,0,0,0,0,0,0,0,1,1,0,0,0,kod,112.73849,218.78621
0,NewMedia0,1895,31.13301,21523720954,0.19139,0.21204,30.6722,0.46082,67,1,0.16087,0.24233,1,0.33021,0.55093,0,,0.35318,0.60665,16.57182,0.90571,1,0.7166,0.60867,17.16593,0.90571,1,0,0,7,3.97914,1,4.16088,1,0,0,0,0,0,0,1,1,0,0,0,kod,167.91585,51.14146
0,NewMedia0,1937,31.82289,21530619809,0.1705,0.16766,31.14946,0.67343,68,1,0.21264,0.14349,1,0.33021,0.55093,0,,0.33913,0.59762,15.82417,0.92857,1,0.70209,0.58864,16.58595,0.92857,1,0,0,7,3.85764,1,4.30243,1,0,0,0,0,0,0,1,1,0,0,0,kod,62.49831,129.92303
0,NewMedia0,1947,31.98964,21532287452,0.22024,0.16582,31.83998,0.14966,69,1,0.20957,0.17541,0,0.33021,0.55093,0,,0.35459,0.59692,16.47083,0.92071,0,0.71727,0.59581,17.11165,0.92857,0,24,0,7,4.02183,0,4.21674,0,0,0,0,0,0,0,1,1,0,0,0,kod,95.52147,1.19205
0,NewMedia0,1974,32.43089,21536699820,0.19307,0.19164,32.20119,0.22971,70,1,0.21382,0.29076,1,0.33021,0.55093,0,,0.35899,0.58693,17.07421,0.905,1,0.72083,0.58185,17.1806,0.905,1,0,0,8,4.2012,1,4.42571,1,0,0,0,0,0,0,1,1,0,0,0,kod,59.15182,208.12679
0,NewMedia0,2006,32.9558,21541948903,0.16607,0.25624,32.44661,0.50919,71,1,0.09353,0.26253,1,0.33021,0.55093,0,,0.34445,0.59234,16.45059,0.95494,1,0.7035,0.5816,17.28855,0.95494,1,0,0,8,4.02722,1,4.20267,1,0,0,0,0,0,0,1,1,0,0,0,kod,86.91926,233.3864
0,NewMedia0,2040,33.51518,21547542809,0.17051,0.2502,32.97408,0.54111,72,1,0.16259,0.14585,1,0.33021,0.55093,0,,0.33439,0.59131,17.05019,0.95588,1,0.69526,0.57768,17.09873,0.9728,1,0,0,8,4.21141,1,4.22258,1,0,0,0,0,0,0,1,1,0,0,0,kod,10.73424,37.42335
0,NewMedia0,2088,34.30394,21555430232,0.20915,0.23951,33.87761,0.42633,73,1,0.24385,0.26095,1,0.33021,0.55093,0,,0.32647,0.59118,16.71806,0.89738,1,0.68943,0.57563,17.23265,0.89738,1,0,0,9,4.22313,1,4.32449,1,0,0,0,0,0,0,1,1,0,0,0,kod,75.08176,8.84537
0,NewMedia0,2119,34.81245,21560515509,0.25652,0.24561,34.3199,0.49255,74,1,0.20354,0.22261,1,0.33021,0.55093,0,,0.32987,0.59255,16.44909,0.92857,1,0.69289,0.57922,17.87305,0.92857,1,0,0,9,4.12017,1,4.15542,1,0,0,0,0,0,0,1,1,0,0,0,kod,91.1887,355.85703
0,NewMedia0,2140,35.15724,21563963405,0.21574,0.22333,34.82951,0.32773,75,1,0.28053,0.25381,1,0.33021,0.55093,0,,0.33378,0.59434,16.33181,0.92071,1,0.69655,0.58175,16.99053,0.91285,1,0,0,9,4.07851,1,4.15422,1,0,0,0,0,0,0,1,1,0,0,0,kod,81.91162,162.91678
0,NewMedia0,2165,35.56947,21568085746,0.25912,0.28599,35.17393,0.39554,76,1,0.16513,0.31528,1,0.33021,0.55093,0,,0.33066,0.59864,16.55872,0.92857,1,0.69335,0.58422,17.57279,0.92857,1,0,0,9,4.0093,1,4.36889,1,0,0,0,0,0,0,1,1,0,0,0,kod,107.31617,320.90613
0,NewMedia0,2188,35.94569,21571847901,0.21797,0.31401,35.58742,0.35828,77,1,0.21156,0.33671,1,0.33021,0.55093,0,,0.33106,0.59878,16.46503,0.92857,1,0.69316,0.58394,17.17224,0.92857,1,0,0,9,4.06918,1,4.2665,1,0,0,0,0,0,0,1,1,0,0,0,kod,84.6051,200.95782
0,NewMedia0,2229,36.62004,21578591509,0.20649,0.33235,35.96312,0.65692,78,1,0.22844,0.4829,1,0.33021,0.55093,0,,0.32773,0.6004,17.11621,0.88214,1,0.69009,0.5829,16.88005,0.88214,1,0,0,9,4.09119,1,4.27285,1,0,0,0,0,0,0,1,1,0,0,0,kod,29.63373,221.94371
0,NewMedia0,2246,36.90071,21581398131,0.25034,0.37484,36.63618,0.26453,79,1,0.2489,0.36651,1,0.33021,0.55093,0,,0.33209,0.59998,17.10871,0.92384,1,0.69421,0.58417,17.10077,0.93291,1,0,0,9,4.07731,1,4.18181,1,0,0,0,0,0,0,1,1,0,0,0,kod,95.88597,331.40723
0,NewMedia0,2276,37.39226,21586313624,0.25851,0.27948,36.96523,0.42703,80,1,0.23171,0.37425,1,0.33021,0.55093,0,,0.3371,0.60656,17.10757,0.91285,1,0.69703,0.5887,16.81545,0.92071,1,0,0,9,4.15374,1,4.2901,1,0,0,0,0,0,0,1,1,0,0,0,kod,104.17652,81.33978
0,NewMedia0,2318,38.0829,21593220111,0.22167,0.26889,37.40886,0.67404,81,1,0.21935,0.20958,1,0.33021,0.55093,0,,0.33028,0.6001,16.31342,0.9467,1,0.69065,0.58044,16.75407,0.93763,1,0,0,9,4.13626,1,4.21913,1,0,0,0,0,0,0,1,1,0,0,0,kod,71.65147,170.81499
0,NewMedia0,2337,38.3958,21596348872,0.21991,0.27582,38.09959,0.2962,82,1,0.24625,0.33902,1,0.33021,0.55093,0,,0.3344,0.60063,16.2505,0.92857,1,0.69564,0.58238,17.07289,0.92857,1,0,0,9,4.05705,1,4.20152,1,0,0,0,0,0,0,1,1,0,0,0,kod,8.21191,245.70081
0,NewMedia0,2368,38.9041,21601431839,0.17638,0.49383,38.46071,0.44339,83,1,0.14618,0.49079,1,0.33021,0.55093,0,,0.32262,0.60379,17.59187,0.92857,1,0.68453,0.58284,17.94182,0.92857,1,0,0,9,4.1846,1,4.34498,1,0,0,0,0,0,0,1,1,0,0,0,kod,249.84451,250.45674
0,NewMedia0,2395,39.34679,21605858689,0.17604,0.52808,38.92107,0.42572,84,1,0.15541,0.82434,1,0.33021,0.55093,0,,0.32,0.60953,16.83591,0.92857,1,0.68203,0.58846,19.06253,0.92857,1,0,0,9,4.24333,1,4.45023,1,0,0,0,0,0,0,1,1,0,0,0,kod,36.99581,268.98895
0,NewMedia0,2428,39.88945,21611285525,0.13365,0.79375,39.41319,0.47626,85,1,0.11588,0.64307,1,0.33021,0.55093,0,,0.31799,0.60955,17.07317,0.92857,1,0.68097,0.58839,17.7245,0.92857,1,0,0,9,4.09726,1,4.36507,1,0,0,0,0,0,0,1,1,0,0,0,odgovori,298.24365,254.16347
0,NewMedia0,2461,40.43117,21616702661,0.17383,0.52276,40.0045,0.42667,86,1,0.18682,0.62157,1,0.33021,0.55093,0,,0.31098,0.61191,17.14239,0.88976,1,0.67498,0.58744,17.36226,0.89762,1,0,0,9,4.22426,1,4.23983,1,0,0,0,0,0,0,1,1,0,0,0,kod,302.66605,75.23312
0,NewMedia0,2477,40.69475,21619338373,0.18611,0.51742,40.44798,0.24677,87,1,0.16772,0.466,1,0.33021,0.55093,0,,0.31012,0.60988,17.34083,0.89714,1,0.67386,0.58498,17.65825,0.89714,1,0,0,9,4.2557,1,4.3867,1,0,0,0,0,0,0,1,1,0,0,0,kod,24.27269,13.74484
0,NewMedia0,2500,41.07329,21623123817,0.17984,0.51528,40.71104,0.36224,88,1,0.14912,0.55334,1,0.33021,0.55093,0,,0.31556,0.60927,16.89545,0.91333,1,0.67909,0.5879,17.70193,0.91333,1,0,0,9,4.03904,1,4.35199,1,0,0,0,0,0,0,1,1,0,0,0,kod,12.25828,169.1322
0,NewMedia0,2540,41.73067,21629697624,0.18428,0.58552,41.08986,0.64081,89,1,0.16228,0.5395,1,0.33021,0.55093,0,,0.32821,0.60304,17.16922,0.91285,1,0.69126,0.5868,17.46915,0.905,1,0,0,9,4.10544,1,4.33666,1,0,0,0,0,0,0,1,1,0,0,0,kod,76.33675,276.4118
0,NewMedia0,2559,42.04247,21632815598,0.1894,0.52574,41.74724,0.29523,90,1,0.22344,0.51726,1,0.33021,0.55093,0,,0.33659,0.6022,17.59798,0.92095,1,0.69925,0.58853,17.58309,0.91309,1,0,0,9,4.17399,1,4.25002,1,0,0,0,0,0,0,1,1,0,0,0,kod,65.3065,81.34251
0,NewMedia0,2584,42.45241,21636914932,0.19854,0.54444,42.06419,0.38821,91,1,0.1335,0.47986,1,0.33021,0.55093,0,,0.31681,0.60659,17.31233,0.92857,1,0.67886,0.584,18.10999,0.92857,1,0,0,9,4.31541,1,4.43429,1,0,0,0,0,0,0,1,1,0,0,0,kod,26.7551,310.98828
0,NewMedia0,2615,42.96321,21642023122,0.19358,0.5632,42.46898,0.49423,92,1,0.2646,0.54846,1,0.33021,0.55093,0,,0.3254,0.60824,17.53939,0.91285,1,0.68767,0.58872,18.64948,0.905,1,0,0,9,4.2951,1,4.44601,1,0,0,0,0,0,0,1,1,0,0,0,kod,22.3873,244.82504
0,NewMedia0,2629,43.19115,21644302513,0.21757,0.53237,42.9778,0.21335,93,1,0.20698,0.56526,1,0.33021,0.55093,0,,0.32638,0.60684,17.36743,0.93763,1,0.68832,0.588,18.54725,0.9467,1,0,0,9,4.27574,1,4.3662,1,0,0,0,0,0,0,1,1,0,0,0,kod,56.83525,35.86238
0,NewMedia0,2675,43.94753,21651866366,0.16372,0.52182,43.55357,0.39395,94,1,0.19865,0.54061,1,0.33021,0.55093,0,,0.32405,0.60549,17.57338,0.91285,1,0.68623,0.58622,18.44726,0.92071,1,0,0,10,4.28035,1,4.33388,1,0,0,0,0,0,0,1,1,0,0,0,kod,104.01792,173.71127
0,NewMedia0,2698,44.32506,21655641699,0.19192,0.51522,43.9637,0.36136,95,1,0.17619,0.57381,1,0.33021,0.55093,0,,0.32998,0.60411,16.82644,0.91472,1,0.69186,0.5864,17.48965,0.91472,1,0,0,10,4.18491,1,4.2193,1,0,0,0,0,0,0,1,1,0,0,0,kod,54.61117,7.49986
0,NewMedia0,2735,44.93367,21661727555,0.17777,0.55449,44.34154,0.59213,96,1,0.23882,0.41857,1,0.33021,0.55093,0,,0.32398,0.60441,18.12707,0.92857,1,0.68595,0.58411,18.21072,0.92857,1,0,0,10,4.43697,1,4.45705,1,0,0,0,0,0,0,1,1,0,0,0,kod,50.3671,237.35724
0,NewMedia0,2757,45.29564,21665347224,0.231,0.28601,44.99867,0.29697,97,1,0.22231,0.22542,1,0.33021,0.55093,0,,0.32772,0.6016,18.2042,0.92857,1,0.68913,0.5818,17.54581,0.92857,1,0,0,10,4.38321,1,4.42492,1,0,0,0,0,0,0,1,1,0,0,0,kod,307.44272,70.58398
0,NewMedia0,2779,45.65556,21668946641,0.19731,0.26045,45.3127,0.34286,98,1,0.21833,0.31581,1,0.33021,0.55093,0,,0.32564,0.60356,17.92238,0.92857,1,0.68771,0.58338,17.69447,0.92857,1,0,0,10,4.29438,1,4.38426,1,0,0,0,0,0,0,1,1,0,0,0,kod,70.32887,156.88921
0,NewMedia0,2803,46.05028,21672893619,0.22795,0.26171,45.67271,0.37756,99,1,0.2951,0.26679,1,0.33021,0.55093,0,,0.32981,0.60398,17.59253,0.92857,1,0.69246,0.58449,17.07265,0.92857,1,0,0,10,4.22929,1,4.38503,1,0,0,0,0,0,0,1,1,0,0,0,kod,58.84454,358.67493
0,NewMedia0,2824,46.39574,21676348313,0.25265,0.23844,46.0685,0.32724,100,1,0.17689,0.49766,1,0.33021,0.55093,0,,0.3226,0.60842,17.1859,0.95577,1,0.68345,0.58676,18.91302,0.9467,1,0,0,9,4.21443,1,4.44495,1,0,0,0,0,0,0,1,1,0,0,0,kod,53.67151,27.92065
0,NewMedia0,2864,47.05229,21682913740,0.19492,0.5665,46.46114,0.59116,101,1,0.22313,0.56454,1,0.33021,0.55093,0,,0.32419,0.60588,17.85358,0.92857,1,0.68678,0.58642,19.05832,0.92857,1,0,0,9,4.37816,1,4.44987,1,0,0,0,0,0,0,1,1,0,0,0,kod,371.23813,252.62811
0,NewMedia0,2881,47.33128,21685703790,0.24056,0.52945,47.06853,0.26276,102,1,0.27526,0.32791,1,0.33021,0.55093,0,,0.3283,0.60204,17.68587,0.91333,1,0.69056,0.58314,18.31351,0.91333,1,0,0,8,4.33272,1,4.45254,1,0,0,0,0,0,0,1,1,0,0,0,kod,96.33237,24.54292
0,NewMedia0,2899,47.62819,21688672988,0.25279,0.41042,47.39803,0.23016,103,1,0.1935,0.72655,1,0.33021,0.55093,0,,0.32849,0.60785,17.66959,0.92857,1,0.6898,0.59035,19.26104,0.92857,1,0,0,8,4.26291,1,4.51909,1,0,0,0,0,0,0,1,1,0,0,0,kod,130.67937,79.64836
0,NewMedia0,2925,48.05803,21692971364,0.14691,0.89942,47.74352,0.31451,104,1,0.19647,0.93269,1,0.33021,0.55093,0,,0.32374,0.61072,18.21978,0.92857,1,0.68642,0.5925,19.67559,0.92071,1,0,0,8,4.50673,1,4.61912,1,0,0,0,0,0,0,1,1,0,0,0,odgovori,565.8952,248.94675
0,NewMedia0,2951,48.48164,21697207501,0.16262,0.87285,48.07207,0.40958,105,1,0.16415,0.8451,1,0.33021,0.55093,0,,0.30228,0.61253,18.0458,0.91285,1,0.65967,0.58417,18.89894,0.92071,1,0,0,8,4.39746,1,4.61489,1,0,0,0,0,0,0,1,1,0,0,0,odgovori,41.63239,43.5717
0,NewMedia0,2977,48.91045,21701495416,0.13331,0.80767,48.49843,0.41202,106,1,0.1837,0.73617,1,0.33021,0.55093,0,,0.32644,0.6071,16.86494,0.94053,1,0.68662,0.58867,18.89058,0.93146,1,0,0,8,4.24298,1,4.46442,1,0,0,0,0,0,0,1,1,0,0,0,odgovori,90.12362,128.63977
0,NewMedia0,3001,49.30418,21705432925,0.20435,0.49354,48.97475,0.32944,107,1,0.2248,0.33969,1,0.33021,0.55093,0,,0.34978,0.60192,17.22989,0.94615,1,0.70943,0.59024,17.82022,0.94615,1,0,0,8,4.20438,1,4.30575,1,0,0,0,0,0,0,1,1,0,0,0,kod,365.6524,68.09782
0,NewMedia0,3019,49.59904,21708381427,0.2319,0.35512,49.32069,0.27835,108,1,0.24192,0.37389,1,0.33021,0.55093,0,,0.33698,0.6027,16.70481,0.92857,1,0.69727,0.58475,16.64491,0.92857,1,0,0,8,4.09901,1,4.12425,1,0,0,0,0,0,0,1,1,0,0,0,kod,158.57593,70.51445
0,NewMedia0,3037,49.89516,21711342660,0.24534,0.27746,49.61562,0.27954,109,1,0.25973,0.22878,1,0.33021,0.55093,0,,0.33033,0.60216,16.42673,0.92857,1,0.69033,0.58065,16.45607,0.92857,1,0,0,8,4.00332,1,4.18062,1,0,0,0,0,0,0,1,1,0,0,0,kod,87.75269,72.89867
0,NewMedia0,3055,50.19057,21714296654,0.2075,0.25118,49.9109,0.27966,110,1,0.20176,0.27517,1,0.33021,0.55093,0,,0.3326,0.60097,15.88381,0.92857,1,0.69249,0.5809,16.44675,0.92857,1,0,0,8,4.07565,1,4.05655,1,0,0,0,0,0,0,1,1,0,0,0,kod,77.99995,158.66148
0,NewMedia0,3069,50.42195,21716610457,0.22367,0.40613,50.21394,0.20801,111,1,0.22638,0.45078,1,0.33021,0.55093,0,,0.33316,0.60548,16.57512,0.95577,1,0.69316,0.58513,17.11537,0.95577,1,0,0,8,3.95765,1,4.11534,1,0,0,0,0,0,0,1,1,0,0,0,kod,170.20155,280.51013
0,NewMedia0,3114,51.15987,21723989525,0.18854,0.51464,50.48601,0.67386,112,1,0.17698,0.56381,1,0.33021,0.55093,0,,0.33603,0.60445,16.76038,0.92857,1,0.69507,0.58659,17.51735,0.92857,1,0,0,8,4.09655,1,4.32471,1,0,0,0,0,0,0,1,1,0,0,0,kod,135.21512,240.07724
0,NewMedia0,3145,51.6696,21729087067,0.22888,0.53251,51.17628,0.49332,113,1,0.24216,0.47113,1,0.33021,0.55093,0,,0.34008,0.60443,17.15269,0.92857,1,0.69972,0.58802,17.72966,0.92857,1,0,0,8,4.21311,1,4.28505,1,0,0,0,0,0,0,1,1,0,0,0,kod,79.82114,346.00803
0,NewMedia0,3162,51.94939,21731884859,0.21355,0.47617,51.68565,0.26373,114,1,0.21462,0.51013,0,0.33021,0.55093,0,,0.33743,0.60388,17.34157,0.95577,0,0.69743,0.58617,17.39523,0.96483,0,27,0,8,4.17704,0,4.35031,0,0,0,0,0,0,0,1,1,0,0,0,kod,67.59228,115.81446
0,NewMedia0,3192,52.4442,21736833011,0.17132,0.85306,52.16307,0.28113,115,1,0.151,0.80122,1,0.33021,0.55093,0,,0.33505,0.61038,16.91685,0.92857,1,0.6953,0.59347,18.55526,0.92857,1,0,0,9,4.19674,1,4.43339,1,0,0,0,0,0,0,1,1,0,0,0,odgovori,415.03824,258.73428
0,NewMedia0,3238,53.19691,21744360012,0.15358,0.79943,52.4575,0.73941,116,1,0.23528,0.6004,1,0.33021,0.55093,0,,0.33374,0.60889,15.95824,0.94615,1,0.69433,0.59138,17.78406,0.94615,1,0,0,9,3.99765,1,4.23664,1,0,0,0,0,0,0,1,1,0,0,0,odgovori,67.19311,120.45818
0,NewMedia0,3268,53.68977,21749288794,0.28518,0.31453,53.2625,0.42728,117,1,0.25717,0.19377,1,0.33021,0.55093,0,,0.33688,0.6023,16.35285,0.96373,1,0.69735,0.58525,16.18277,0.96373,1,0,0,9,3.95692,1,4.09551,1,0,0,0,0,0,0,1,1,0,0,0,kod,581.46063,64.24352
0,NewMedia0,3285,53.96986,21752089738,0.22825,0.27587,53.70561,0.26425,118,1,0.19387,0.34441,1,0.33021,0.55093,0,,0.33349,0.60318,15.93083,0.92857,1,0.69407,0.58523,16.05053,0.92857,1,0,0,9,3.94705,1,4.05733,1,0,0,0,0,0,0,1,1,0,0,0,kod,117.00859,159.09404
0,NewMedia0,3304,54.28062,21755197182,0.21863,0.34851,53.98476,0.29587,119,1,0.20289,0.30019,1,0.22552,0.4213,0,,0.33272,0.60325,15.91716,0.93091,1,0.69335,0.58491,16.62602,0.93091,1,0,0,9,3.80071,1,4.07594,1,0,0,0,0,0,0,1,1,0,0,0,kod,80.5962,256.75165
0,NewMedia0,3329,54.69215,21759312494,0.22014,0.25451,54.2979,0.39426,120,1,0.27293,0.21614,1,0.23438,0.46481,0,,0.33437,0.60232,16.5009,0.92857,1,0.69479,0.5843,16.95792,0.92857,1,0,0,8,4.02724,1,4.0867,1,0,0,0,0,0,0,1,1,0,0,0,kod,101.56141,88.3642
0,NewMedia0,3350,55.03676,21762758599,0.22824,0.22522,54.70903,0.32773,121,1,0.24343,0.34177,1,0.19375,0.34074,0,,0.33605,0.60512,16.77909,0.92857,1,0.69594,0.587,16.7708,0.92857,1,0,0,8,4.00037,1,4.04413,1,0,0,0,0,0,0,1,1,0,0,0,kod,35.24945,63.81963
0,NewMedia0,3379,55.51396,21767530727,0.21866,0.35419,55.05492,0.45905,122,1,0.16227,0.58079,1,0.15937,0.3287,0,,0.33461,0.60799,16.71626,0.95577,1,0.69479,0.58988,17.51257,0.9467,1,0,0,8,4.01027,1,4.25688,1,0,0,0,0,0,0,1,1,0,0,0,kod,140.49681,262.47736
0,NewMedia0,3413,56.07289,21773119836,0.15828,0.49654,55.5793,0.49359,123,1,0.20883,0.60204,1,0.21615,0.5787,0,,0.33358,0.60627,17.12866,0.91285,1,0.69437,0.58923,18.11661,0.92071,1,0,0,8,4.14403,1,4.22346,1,0,0,0,0,0,0,1,1,0,0,0,kod,192.54881,232.98106
0,NewMedia0,3469,56.99345,21782325598,0.20071,0.52404,56.09151,0.90195,124,1,0.16364,0.54857,1,0.09271,0.48333,0,,0.33461,0.60832,16.74241,0.92857,1,0.69585,0.59152,16.95954,0.92857,1,0,0,8,4.12127,1,4.11763,1,0,0,0,0,0,0,1,1,0,0,0,kod,86.71062,339.9696
0,NewMedia0,3494,57.4023,21786414031,0.15972,0.55631,57.00829,0.39401,125,1,0.121,0.83117,1,0.1099,0.50463,0,,0.3341,0.61314,16.61579,0.92857,1,0.69483,0.59664,18.00898,0.92857,1,0,0,8,4.11826,1,4.283,1,0,0,0,0,0,0,1,1,0,0,0,kod,86.07234,203.88553
0,NewMedia0,3522,57.86388,21791029765,0.13779,0.83275,57.46819,0.39569,126,1,0.14157,0.75326,1,0.13229,0.49722,0,,0.33032,0.61735,16.97628,0.92857,1,0.69071,0.59631,18.51805,0.92857,1,0,0,8,4.28276,1,4.36371,1,0,0,0,0,0,0,1,1,0,0,0,odgovori,301.50967,261.97244
0,NewMedia0,3540,58.15862,21793977024,0.21043,0.33163,57.92918,0.22943,127,1,0.2108,0.25674,1,0.13229,0.49722,0,,0.30985,0.61795,17.33666,0.92857,1,0.66803,0.57837,16.44055,0.92857,1,0,0,8,4.17124,1,4.25773,1,0,0,0,0,0,0,1,1,0,0,0,kod,558.89117,75.54938
0,NewMedia0,3571,58.66734,21799064548,0.21161,0.2874,58.17525,0.4921,128,1,0.1512,0.60958,1,0.03698,0.66111,0,,0.32015,0.61958,16.58833,0.92857,1,0.67938,0.59143,17.74976,0.92857,1,0,0,8,4.00328,1,4.23556,1,0,0,0,0,0,0,1,1,0,0,0,kod,47.8221,87.28458
0,NewMedia0,3592,59.01216,21802512597,0.16531,0.5937,58.73506,0.2771,129,1,0.17941,0.5597,1,0.01615,0.69815,0,,0.33217,0.61644,16.94327,0.94615,1,0.69499,0.59904,17.91164,0.94615,1,0,0,8,4.07224,1,4.16411,1,0,0,0,0,0,0,1,1,0,0,0,kod,342.54019,254.95844
0,NewMedia0,3608,59.27544,21805145321,0.15947,0.69633,59.07985,0.19559,130,1,0.13167,0.94124,1,0.01615,0.69815,0,,0.32765,0.62518,17.23265,0.92857,1,0.6905,0.60579,18.54055,0.92857,1,0,0,8,4.18081,1,4.34329,1,0,0,0,0,0,0,1,1,0,0,0,kod,111.40617,264.22351
0,NewMedia0,3645,59.88457,21811236493,0.14615,0.88014,59.34184,0.54272,131,1,0.14015,0.8014,1,0.01615,0.70741,0,,0.33319,0.62453,17.17617,0.96456,1,0.69614,0.60812,19.02271,0.96456,1,0,0,8,4.20331,1,4.40576,1,0,0,0,0,0,0,1,1,0,0,0,odgovori,200.15535,262.65909
0,NewMedia0,3663,60.179,21814181066,0.15045,0.86896,59.90004,0.27896,132,1,0.10909,0.828,1,0.01615,0.70741,0,,0.3366,0.62413,16.56444,0.92857,1,0.69915,0.61044,18.34231,0.92857,1,0,0,8,4.15325,1,4.37174,1,0,0,0,0,0,0,1,1,0,0,0,odgovori,14.62715,55.63708
0,NewMedia0,3704,60.85225,21820913441,0.13464,0.89198,60.19621,0.65604,133,1,0.12902,0.84654,1,0.01615,0.70741,0,,0.33206,0.62121,16.33241,0.92857,1,0.6951,0.60565,18.61064,0.92857,1,0,0,8,4.1029,1,4.31345,1,0,0,0,0,0,0,1,1,0,0,0,odgovori,39.23694,219.31821
0,NewMedia0,3726,61.21468,21824537815,0.12536,0.8215,60.86946,0.34521,134,1,0.15876,0.77207,1,0.01615,0.70741,0,,0.33306,0.6188,16.57017,0.92857,1,0.69548,0.60436,18.32545,0.92857,1,0,0,8,4.07413,1,4.32241,1,0,0,0,0,0,0,1,1,0,0,0,odgovori,78.17589,103.17445
0,NewMedia0,3745,61.52708,21827661932,0.17624,0.47125,61.27962,0.24747,135,1,0.16609,0.49733,1,0.01615,0.70741,0,,0.33459,0.6135,16.82223,0.92857,1,0.69659,0.5985,17.95377,0.92857,1,0,0,8,4.09234,1,4.34856,1,0,0,0,0,0,0,1,1,0,0,0,kod,390.68079,75.51955
0,NewMedia0,3775,62.01897,21832580755,0.18182,0.51579,61.54305,0.47592,136,1,0.21915,0.81166,0,0.01615,0.70741,0,,0.33575,0.60537,12.15863,0.89809,0,0.70794,0.56441,6.99739,0.89809,0,0,0,8,3.93564,0,2.35968,0,0,0,0,0,0,0,1,1,0,0,0,kod,49.28179,282.55609
0,NewMedia0,3817,62.70988,21839489845,0.21713,0.31991,62.33162,0.37827,137,1,0.21555,0.21423,1,0.01615,0.70741,0,,0.33972,0.61086,17.65572,0.94615,1,0.70189,0.5969,17.83555,0.94615,1,0,0,9,4.33421,1,4.36294,1,0,0,0,0,0,0,1,1,0,0,0,kod,222.14804,72.23099
0,NewMedia0,3845,63.1692,21844083137,0.20846,0.24144,62.77596,0.39325,138,1,0.16902,0.35451,1,0.01615,0.70741,0,,0.33867,0.61242,17.04879,0.92857,1,0.70017,0.59884,17.48217,0.92857,1,0,0,9,4.27166,1,4.38611,1,0,0,0,0,0,0,1,1,0,0,0,kod,86.36699,101.11276
0,NewMedia0,3865,63.49742,21847365253,0.13617,0.80592,63.235,0.26242,139,1,0.11473,0.85481,1,0.01719,0.81389,0,,0.3346,0.61985,17.57887,0.90547,1,0.69714,0.60568,18.79269,0.89762,1,0,0,9,4.24254,1,4.43482,1,0,0,0,0,0,0,1,1,0,0,0,odgovori,625.23883,257.17407
0,NewMedia0,3895,63.99028,21852293625,0.13244,0.84751,63.5143,0.47598,140,1,0.10329,0.82645,1,0.0224,0.84444,0,,0.33772,0.61986,18.08335,0.92857,1,0.70087,0.6079,19.62834,0.92857,1,0,0,9,4.41492,1,4.57665,1,0,0,0,0,0,0,1,1,0,0,0,odgovori,45.48452,260.94098
0,NewMedia0,3925,64.48399,21857231027,0.13239,0.87305,64.00713,0.47687,141,1,0.16456,0.90188,1,0.02344,0.84444,0,,0.33723,0.62084,18.32069,0.92857,1,0.70055,0.60962,19.41514,0.92857,1,0,0,9,4.37652,1,4.5757,1,0,0,0,0,0,0,1,1,0,0,0,odgovori,27.58336,269.8006
0,NewMedia0,3954,64.96004,21861991335,0.14005,0.93128,64.51634,0.4437,142,1,0.12018,0.8618,1,0.04583,0.89444,0,,0.33642,0.62204,18.17153,0.92857,1,0.70005,0.61082,19.49224,0.92857,1,0,0,9,4.36253,1,4.5464,1,0,0,0,0,0,0,1,1,0,0,0,odgovori,64.58526,283.16272
0,NewMedia0,3989,65.53517,21867742535,0.114,0.93182,64.97597,0.5592,143,1,0.15944,0.95422,1,0.0651,0.89722,0,,0.33462,0.6208,17.76338,0.90571,1,0.69829,0.60961,19.04457,0.90571,1,0,0,9,4.28691,1,4.478,1,0,0,0,0,0,0,1,1,0,0,0,odgovori,50.01939,180.66805
0,NewMedia0,4017,65.99501,21872341007,0.14533,0.8669,65.55141,0.4436,144,1,0.15689,0.85179,1,0.06615,0.89722,0,,0.33433,0.61815,17.1774,0.92857,1,0.69754,0.60624,18.96016,0.92857,1,0,0,9,4.20204,1,4.45909,1,0,0,0,0,0,0,1,1,0,0,0,odgovori,92.38165,49.37223
0,NewMedia0,4052,66.57005,21878091447,0.16356,0.87554,66.01115,0.5589,145,1,0.16728,0.87509,1,0.06615,0.89722,0,,0.33482,0.61963,17.75185,0.9467,1,0.69749,0.60815,18.80002,0.93763,1,0,0,9,4.21486,1,4.4113,1,0,0,0,0,0,0,1,1,0,0,0,odgovori,36.22408,345.07254
0,NewMedia0,4065,66.78355,21880226524,0.16721,0.9513,66.58662,0.19693,146,1,0.16365,0.92272,0,0.06615,0.89722,0,,0.3351,0.61925,17.01962,0.92857,0,0.69792,0.60779,18.07619,0.92857,0,29,0,9,4.06787,0,4.36711,0,0,0,0,0,0,0,1,1,0,0,0,odgovori,82.12043,274.89545
0,NewMedia0,4138,67.9828,21892219025,0.15126,0.87978,66.9976,0.9852,147,1,0.17139,0.89053,1,0.06615,0.89722,0,,0.33368,0.61971,17.0497,0.92857,1,0.69638,0.60777,18.48543,0.92857,1,0,0,10,4.12405,1,4.32568,1,0,0,0,0,0,0,1,1,0,0,0,odgovori,83.0909,111.62682
0,NewMedia0,4173,68.55751,21897965966,0.17015,0.94731,68.00014,0.55737,148,1,0.13489,0.90284,1,0.06615,0.89722,0,,0.33147,0.61943,17.27631,0.95494,1,0.69457,0.60714,18.9785,0.95494,1,0,0,10,4.25604,1,4.43027,1,0,0,0,0,0,0,1,1,0,0,0,odgovori,81.45277,296.44086
0,NewMedia0,4190,68.83717,21900762709,0.19249,0.85623,68.57399,0.26318,149,1,0.20181,0.84885,1,0.06615,0.89722,0,,0.33099,0.61798,17.40262,0.92857,1,0.69437,0.60531,19.34796,0.92857,1,0,0,10,4.24998,1,4.48359,1,0,0,0,0,0,0,1,1,0,0,0,odgovori,107.31141,66.44033
0,NewMedia0,4211,69.18214,21904212348,0.1826,0.83536,68.8531,0.32904,150,1,0.12243,0.73497,1,0.06615,0.89722,0,,0.3326,0.61793,17.4403,0.92857,1,0.69586,0.60541,19.55634,0.92857,1,0,0,10,4.34082,1,4.5153,1,0,0,0,0,0,0,1,1,0,0,0,odgovori,29.47215,130.11287
0,NewMedia0,4238,69.62584,21908649236,0.1464,0.86842,69.24922,0.37662,151,1,0.13778,0.85414,1,0.06615,0.89722,0,,0.33757,0.61583,17.72314,0.95494,1,0.70036,0.60433,19.04052,0.95494,1,0,0,10,4.2263,1,4.49646,1,0,0,0,0,0,0,1,1,0,0,0,odgovori,78.1386,207.18999
0,NewMedia0,4256,69.92171,21911607921,0.15283,0.86561,69.64238,0.27933,152,1,0.21602,0.85635,1,0.06615,0.89722,0,,0.34159,0.61435,17.44357,0.92095,1,0.70447,0.60456,19.06297,0.92095,1,0,0,10,4.16086,1,4.41374,1,0,0,0,0,0,0,1,1,0,0,0,odgovori,12.71312,13.81061
0,NewMedia0,4277,70.26649,21915055967,0.16684,0.8546,69.93742,0.32907,153,1,0.14602,0.79122,1,0.06615,0.89722,0,,0.33519,0.61747,17.12838,0.91285,1,0.69965,0.60695,18.63502,0.905,1,0,0,10,4.15005,1,4.3863,1,0,0,0,0,0,0,1,1,0,0,0,odgovori,29.41017,23.84785
0,NewMedia0,4305,70.72646,21919655504,0.29818,0.34118,70.43071,0.29575,154,1,0.31227,0.37514,1,0.06615,0.89722,0,,0.33076,0.60603,17.35717,0.92071,1,0.69533,0.59246,17.32396,0.92857,1,0,0,10,4.27243,1,4.39514,1,0,0,0,0,0,0,1,1,0,0,0,kod,609.14227,65.54489
0,NewMedia0,4331,71.15376,21923928490,0.33971,0.30228,70.74266,0.4111,155,1,0.32742,0.27143,1,0.06615,0.89722,0,,0.33368,0.60886,16.98556,0.92857,1,0.69808,0.59649,17.44611,0.92857,1,0,0,9,4.22184,1,4.29726,1,0,0,0,0,0,0,1,1,0,0,0,kod,90.12815,27.78378
0,NewMedia0,4359,71.61378,21928528761,0.09499,0.91735,71.26869,0.34509,156,1,0.12328,0.92914,1,0.06615,0.89722,0,,0.33065,0.61544,17.23581,0.92857,1,0.69364,0.60373,17.49916,0.92857,1,0,0,9,4.15634,1,4.39977,1,0,0,0,0,0,0,1,1,0,0,0,odgovori,813.65393,234.72705
0,NewMedia0,4382,71.99165,21932307399,0.88085,0.95815,71.72835,0.26331,157,1,0.91668,0.93865,1,0.66823,0.89444,0,,0.35901,0.61001,18.07424,0.92165,1,0.72353,0.61076,17.66093,0.91379,1,0,0,9,4.36621,1,4.41871,1,0,0,0,0,0,0,1,1,0,0,0,sledece,1509.49463,358.32724
0,NewMedia0,4417,72.56667,21938057496,0.89854,0.944,72.00795,0.55872,158,1,0.82913,0.88458,1,0.90208,0.88148,0,,0.35873,0.60753,17.29951,0.92071,1,0.72345,0.60923,17.33951,0.91285,1,0,0,9,4.32537,1,4.35635,1,0,0,0,0,0,0,1,1,0,0,0,sledece,37.24435,24.22474
0,NewMedia0,4440,72.94472,21941838129,0.1808,0.32451,72.68303,0.26169,159,1,0.13148,0.29604,1,0.27135,0.66389,0,,0.33825,0.59527,16.02452,0.92857,1,0.70218,0.58967,16.74542,0.92857,1,0,0,9,3.95165,1,4.18151,1,0,0,0,0,0,0,1,1,0,0,0,kod,1531.88721,154.10339
0,NewMedia0,4456,73.20714,21944462340,0.11537,0.27995,72.96059,0.24655,160,1,0.15558,0.29984,0,0.27187,0.66389,0,,0.32314,0.59716,15.60716,0.9323,0,0.68679,0.57935,16.04098,0.9323,0,30,0,9,3.83279,0,4.13843,0,0,0,0,0,0,0,1,1,0,0,0,kod,134.52805,159.03909
0,NewMedia0,4497,73.881,21951200982,0.17246,0.16849,73.47066,0.41034,161,1,0.20614,0.19642,1,0.40052,0.48519,0,,0.31592,0.59182,16.85088,0.90571,1,0.67886,0.56738,17.7506,0.90571,1,0,0,10,3.96262,1,4.29134,1,0,0,0,0,0,0,1,1,0,0,0,kod,162.80522,47.6796
0,NewMedia0,4528,74.38991,21956289908,0.19724,0.13721,73.9463,0.4436,162,1,0.13221,0.32348,1,0.425,0.5213,0,,0.33908,0.59946,15.18182,0.92857,1,0.70218,0.58527,15.99076,0.92857,1,0,0,10,3.78747,1,3.91304,1,0,0,0,0,0,0,1,1,0,0,0,pitanje,58.35134,35.37659
0,NewMedia0,4551,74.76808,21960071842,0.14431,0.26089,74.45604,0.31204,163,1,0.12679,0.24777,1,0.42604,0.51667,0,,0.34393,0.59866,14.86268,0.92857,1,0.70657,0.58539,15.76379,0.92857,1,0,0,10,3.79106,1,3.8333,1,0,0,0,0,0,0,1,1,0,0,0,kod,167.83887,232.7355
0,NewMedia0,4571,75.09676,21963358604,0.1678,0.22904,74.78416,0.31259,164,1,0.206,0.20905,1,0.43021,0.50926,0,,0.3488,0.59902,15.43692,0.91285,1,0.71175,0.58737,16.36689,0.905,1,0,0,10,3.78499,1,4.04649,1,0,0,0,0,0,0,1,1,0,0,0,kod,56.72129,37.33247
0,NewMedia0,4586,75.34309,21965821778,0.18359,0.18456,75.1132,0.22989,165,1,0.18481,0.10707,1,0.43021,0.50926,0,,0.34218,0.59729,15.64973,0.90571,1,0.70469,0.58155,17.00202,0.90571,1,0,0,10,3.8921,1,4.12004,1,0,0,0,0,0,0,1,1,0,0,0,kod,56.80489,57.74417
0,NewMedia0,4605,75.65526,21968943689,0.17675,0.15908,75.35966,0.29559,166,1,0.17262,0.17329,1,0.43021,0.50926,0,,0.31817,0.59391,16.61982,0.92857,1,0.67814,0.56316,17.30942,0.92071,1,0,0,10,3.89126,1,4.32643,1,0,0,0,0,0,0,1,1,0,0,0,kod,30.49151,115.51217
0,NewMedia0,4648,76.36345,21976025327,0.13553,0.27557,75.72035,0.6431,167,1,0.1687,0.20035,1,0.43021,0.50926,0,,0.28006,0.59649,17.04938,0.94615,1,0.63202,0.53821,17.64901,0.94615,1,0,0,10,4.12548,1,4.48008,1,0,0,0,0,0,0,1,1,0,0,0,kod,148.63203,237.82736
0,NewMedia0,4677,76.83846,21980775670,0.14054,0.21639,76.37978,0.45868,168,1,0.11048,0.14551,1,0.43021,0.50926,0,,0.28139,0.60184,16.35531,0.95494,1,0.63557,0.54538,17.12697,0.95494,1,0,0,10,4.09079,1,4.42498,1,0,0,0,0,0,0,1,1,0,0,0,kod,64.63419,81.44115
0,NewMedia0,4703,77.26527,21985043847,0.14495,0.17798,76.8542,0.41107,169,1,0.15193,0.02568,1,0.43021,0.50926,0,,0.3069,0.59303,15.97922,0.95494,1,0.6642,0.55086,17.10137,0.95494,1,0,0,10,3.87174,1,4.27842,1,0,0,0,0,0,0,1,1,0,0,0,kod,42.33812,78.46359
0,NewMedia0,4723,77.59465,21988337389,0.15948,0.1561,77.28148,0.31317,170,1,0.12286,0.32284,1,0.43021,0.50926,0,,0.28397,0.60886,15.02819,0.92857,1,0.63831,0.55831,13.29535,0.92857,1,0,0,10,3.79301,1,3.90256,1,0,0,0,0,0,0,1,1,0,0,0,pitanje-kod,36.5605,40.26596
0,NewMedia0,4799,78.84322,22000823273,0.2054,0.22273,78.15245,0.69077,171,1,0.24848,0.19107,1,0.43021,0.50926,0,,0.31405,0.7122,17.13633,0.8125,1,0.70168,0.69672,18.40797,0.8125,1,0,0,11,3.85722,1,4.0612,1,0,0,0,0,0,0,1,1,0,0,0,kod,113.80515,320.77908
0,NewMedia0,4821,79.20366,22004427690,0.21842,0.2329,78.85893,0.34473,172,1,0.15391,0.35959,1,0.43021,0.50926,0,,0.24414,0.6736,15.8407,0.78823,1,0.61686,0.62194,16.86825,0.7943,1,0,0,11,4.08087,1,4.1558,1,0,0,0,0,0,0,1,1,0,0,0,kod,27.30492,336.28064
0,NewMedia0,4835,79.4333,22006724050,0.13783,0.15336,79.22008,0.21323,173,1,0.12724,0.12724,1,0.43021,0.50926,0,,0.25371,0.64455,15.33406,0.88238,1,0.62427,0.59436,17.07177,0.89023,1,0,0,11,3.90373,1,4.23743,1,0,0,0,0,0,0,1,1,0,0,0,pitanje,176.97908,150.96222
0,NewMedia0,4859,79.82838,22010674731,0.14158,0.17236,79.45012,0.37827,174,1,0.13585,0.2786,1,0.43021,0.50926,0,,0.31931,0.63741,16.29776,0.86666,1,0.69006,0.60454,17.05477,0.86666,1,0,0,11,4.00058,1,4.33885,1,0,0,0,0,0,0,1,1,0,0,0,kod,21.7465,289.33475
0,NewMedia0,4887,80.28822,22015273133,0.15285,0.30331,79.89339,0.39484,175,1,0.16821,0.42268,0,0.43021,0.50926,0,,0.36402,0.60716,15.2708,0.89809,0,0.73203,0.5934,16.85936,0.89809,0,32,0,11,3.67637,0,4.23003,0,0,0,0,0,0,0,1,1,0,0,0,kod,143.07178,278.69888
0,NewMedia0,4928,80.96196,22022010440,0.16689,0.28057,80.5024,0.45956,176,1,0.14184,0.36134,1,0.41719,0.52315,0,,0.36088,0.60037,16.83574,0.88238,1,0.72406,0.58511,17.76932,0.87452,1,0,0,11,3.91923,1,4.316,1,0,0,0,0,0,0,1,1,0,0,0,kod,36.46674,42.33535
0,NewMedia0,4934,81.06023,22022993368,0.15407,0.27434,80.97786,0.08237,177,1,0.14079,0.18164,0,0.41719,0.52315,0,,0.36088,0.60015,11.47208,0.93436,0,0.7232,0.58545,13.74615,0.93436,0,33,0,11,3.79717,0,3.85793,0,0,0,0,0,0,0,1,1,0,0,0,kod,25.51743,164.71158
0,NewMedia0,4966,81.58586,22028249635,0.1713,0.41958,81.37279,0.21307,178,1,0.21871,0.65221,1,0.42292,0.56574,0,,0.35443,0.60739,16.46111,0.92857,1,0.71668,0.58899,18.18713,0.92857,1,0,0,12,4.03578,1,4.25705,1,0,0,0,0,0,0,1,1,0,0,0,kod,160.30972,281.90915
0,NewMedia0,4990,81.97972,22032188181,0.2578,0.91936,81.75056,0.22916,179,1,0.15364,0.93891,1,0.42292,0.56574,0,,0.34891,0.61214,16.42478,0.92071,1,0.71022,0.58934,18.26455,0.91285,1,0,0,12,4.0967,1,4.30432,1,0,0,0,0,0,0,1,1,0,0,0,odgovori,564.73529,287.10266
0,NewMedia0,5005,82.22643,22034655147,0.14385,0.82885,81.99687,0.22955,180,1,0.1366,0.78757,1,0.42292,0.56574,0,,0.3308,0.61826,16.22826,0.92857,1,0.68942,0.57911,18.35128,0.92857,1,0,0,12,4.00172,1,4.40172,1,0,0,0,0,0,0,1,1,0,0,0,odgovori,239.62819,155.92532
0,NewMedia0,5038,82.76857,22040076578,0.15211,0.32729,82.29256,0.47601,181,1,0.17026,0.23555,1,0.42292,0.56574,0,,0.34251,0.60293,16.55799,0.93763,1,0.70361,0.57475,16.61598,0.9467,1,0,0,12,3.99031,1,4.2732,1,0,0,0,0,0,0,1,1,0,0,0,kod,541.91687,88.323
0,NewMedia0,5061,83.1469,22043859802,0.16241,0.25588,82.78548,0.36142,182,1,0.14611,0.12012,1,0.23854,0.36389,0,,0.34386,0.60054,16.52163,0.96373,1,0.70301,0.57224,16.65561,0.96373,1,0,0,12,3.89423,1,4.24436,1,0,0,0,0,0,0,1,1,0,0,0,kod,79.61795,75.61794
0,NewMedia0,5076,83.39336,22046324549,0.14972,0.27943,83.16289,0.23047,183,1,0.1545,0.41533,1,0.04792,0.3,0,,0.35058,0.59938,15.99542,0.90571,1,0.71078,0.57636,16.69763,0.90571,1,0,0,12,3.91264,1,4.10271,1,0,0,0,0,0,0,1,1,0,0,0,kod,35.22118,226.22995
0,NewMedia0,5111,83.96843,22052075250,0.16049,0.36033,83.40944,0.55899,184,1,0.20137,0.32779,1,0.14271,0.30185,0,,0.34585,0.60106,16.04775,0.92857,1,0.70681,0.57642,16.48414,0.92857,1,0,0,12,4.02837,1,4.13615,1,0,0,0,0,0,0,1,1,0,0,0,kod,89.78563,283.31525
0,NewMedia0,5142,84.47789,22057169916,0.18977,0.32857,83.98476,0.49313,185,1,0.20912,0.34957,0,0.1151,0.32685,0,,0.34753,0.59977,17.05864,0.95577,0,0.70889,0.57797,17.57358,0.96483,0,34,0,12,4.2742,0,4.19149,0,0,0,0,0,0,0,1,1,0,0,0,kod,65.85559,31.38915
0,NewMedia0,5184,85.16829,22064073933,0.25547,0.34093,84.69371,0.47458,186,1,0.30684,0.34821,1,0.24844,0.32685,0,,0.36146,0.59955,17.23577,0.92857,1,0.72375,0.58648,16.97365,0.92857,1,0,0,13,4.14189,1,4.24734,1,0,0,0,0,0,0,1,1,0,0,0,kod,126.84834,353.95935
0,NewMedia0,5230,85.92424,22071633255,0.26384,0.34231,85.18413,0.74011,187,1,0.2518,0.38704,1,0.31458,0.53611,0,,0.37133,0.6003,17.46046,0.92071,1,0.73403,0.59426,17.10329,0.91285,1,0,0,12,4.18271,1,4.43872,1,0,0,0,0,0,0,1,1,0,0,0,kod,16.13934,354.70135
0,NewMedia0,5257,86.36714,22076062476,0.26315,0.35045,85.94118,0.42596,188,1,0.2247,0.37471,1,0.41094,0.44259,0,,0.35939,0.60463,17.51884,0.92071,1,0.72277,0.5924,17.001,0.91285,1,0,0,12,4.14422,1,4.30711,1,0,0,0,0,0,0,1,1,0,0,0,kod,8.89045,261.43042
0,NewMedia0,5276,86.67995,22079190448,0.23179,0.33399,86.38445,0.2955,189,1,0.22233,0.25982,1,0.41094,0.44259,0,,0.3549,0.6064,17.60923,0.92857,1,0.718,0.59185,17.47923,0.92857,1,0,0,12,4.08386,1,4.22788,1,0,0,0,0,0,0,1,1,0,0,0,kod,62.78062,163.55122
0,NewMedia0,5301,87.08995,22083290413,0.24512,0.32265,86.69603,0.39392,190,1,0.18115,0.33313,1,0.41094,0.44259,0,,0.35311,0.60458,17.8265,0.92857,1,0.71526,0.58881,17.72034,0.92857,1,0,0,12,4.25232,1,4.34145,1,0,0,0,0,0,0,1,1,0,0,0,kod,28.37299,25.57236
0,NewMedia0,5320,87.40251,22086415988,0.17963,0.35515,87.10628,0.29623,191,1,0.16445,0.79279,1,0.41094,0.44259,0,,0.349,0.61311,17.48554,0.92857,1,0.7104,0.59601,19.14884,0.92857,1,0,0,12,4.36953,1,4.48106,1,0,0,0,0,0,0,1,1,0,0,0,kod,130.54794,195.59685
0,NewMedia0,5341,87.74782,22089869271,0.14381,0.83484,87.46858,0.27924,192,1,0.129,0.72194,1,0.29792,0.69722,0,,0.34304,0.6134,17.2871,0.92857,1,0.70573,0.59369,19.31497,0.92857,1,0,0,12,4.38167,1,4.49834,1,0,0,0,0,0,0,1,1,0,0,0,odgovori,522.61023,262.43805
0,NewMedia0,5366,88.15843,22093975180,0.14228,0.83697,87.76332,0.39511,193,1,0.13148,0.81708,1,0.1349,0.85093,0,,0.34156,0.614,17.48747,0.93736,1,0.70422,0.59428,19.45557,0.93736,1,0,0,12,4.29423,1,4.55842,1,0,0,0,0,0,0,1,1,0,0,0,odgovori,3.73112,218.06331
0,NewMedia0,5418,89.01234,22102514366,0.1354,0.85488,88.17519,0.83716,194,1,0.12429,0.90108,1,0.13385,0.85,0,,0.34456,0.61714,18.01665,0.92857,1,0.70793,0.60018,19.21592,0.92857,1,0,0,12,4.36477,1,4.56137,1,0,0,0,0,0,0,1,1,0,0,0,odgovori,23.42304,235.67007
0,NewMedia0,5434,89.27556,22105146614,0.15428,0.87896,89.02858,0.24698,195,1,0.17162,0.76614,1,0.13385,0.85,0,,0.34794,0.61545,18.0922,0.92857,1,0.71084,0.59933,19.20874,0.92857,1,0,0,12,4.31516,1,4.528,1,0,0,0,0,0,0,1,1,0,0,0,odgovori,44.61356,324.34338
0,NewMedia0,5464,89.76857,22110076580,0.24531,0.36772,89.39177,0.3768,196,1,0.20783,0.30723,1,0.13385,0.85,0,,0.34724,0.60627,17.61447,0.92857,1,0.7098,0.58728,17.23061,0.92857,1,0,0,12,4.17347,1,4.17895,1,0,0,0,0,0,0,1,1,0,0,0,kod,579.14148,72.43501
0,NewMedia0,5478,89.99779,22112368903,0.24295,0.45923,89.78407,0.21371,197,1,0.1458,0.85128,1,0.13385,0.85,0,,0.34215,0.61351,16.59339,0.92857,1,0.70279,0.59416,18.42086,0.92857,1,0,0,12,4.12919,1,4.33276,1,0,0,0,0,0,0,1,1,0,0,0,kod,98.93463,267.37497
0,NewMedia0,5494,90.26134,22115004490,0.14942,0.77303,90.06416,0.19717,198,1,0.14013,0.6357,1,0.13385,0.85,0,,0.34134,0.61077,17.04287,0.92857,1,0.7028,0.59014,17.25577,0.92857,1,0,0,12,4.03646,1,4.32203,1,0,0,0,0,0,0,1,1,0,0,0,odgovori,383.54144,242.08188
0,NewMedia0,5510,90.52492,22117640084,0.13227,0.75206,90.27769,0.24722,199,1,0.1579,0.78873,1,0.13385,0.84907,0,,0.34277,0.61374,17.05169,0.9467,1,0.70528,0.5944,18.19406,0.93763,1,0,0,12,4.07852,1,4.27663,1,0,0,0,0,0,0,1,1,0,0,0,odgovori,39.96456,145.48015
0,NewMedia0,5531,90.87389,22121129717,0.1643,0.74819,90.53978,0.33411,200,1,0.29003,0.34183,1,0.13385,0.84907,0,,0.34535,0.60552,17.18737,0.9467,1,0.70667,0.58549,17.7153,0.93763,1,0,0,11,4.30769,1,4.35758,1,0,0,0,0,0,0,1,1,0,0,0,odgovori,61.63947,3.88807
0,NewMedia0,5554,91.2466,22124856854,0.30946,0.32047,90.93416,0.31244,201,1,0.27185,0.41646,1,0.1,0.81204,0,,0.34262,0.60693,18.07854,0.89809,1,0.70495,0.5878,18.39611,0.89809,1,0,0,11,4.394,1,4.39152,1,0,0,0,0,0,0,1,1,0,0,0,kod,539.50348,58.89558
0,NewMedia0,5589,91.82118,22130602776,0.13897,0.79103,91.31593,0.50525,202,1,0.09804,0.77215,1,0.07969,0.78889,0,,0.34152,0.61495,18.22214,0.95494,1,0.70443,0.59611,19.94469,0.96401,1,0,0,11,4.46255,1,4.60509,1,0,0,0,0,0,0,1,1,0,0,0,odgovori,604.50317,237.21393
0,NewMedia0,5615,92.24843,22134875202,0.12304,0.83615,91.8373,0.41113,203,1,0.14753,0.89324,1,0.07083,0.78519,0,,0.33986,0.61457,18.49616,0.89714,1,0.70307,0.59555,19.90346,0.89714,1,0,0,10,4.44487,1,4.63257,1,0,0,0,0,0,0,1,1,0,0,0,odgovori,57.53308,237.88516
0,NewMedia0,5632,92.53413,22137732191,0.12747,0.82928,92.26543,0.26871,204,1,0.13216,0.36977,1,0.07031,0.78519,0,,0.3406,0.6052,18.13752,0.905,1,0.7025,0.58459,18.10768,0.91285,1,0,0,10,4.32851,1,4.3572,1,0,0,0,0,0,0,1,1,0,0,0,odgovori,11.28694,41.09865
0,NewMedia0,5667,93.10399,22143430930,0.15169,0.33355,92.59361,0.51038,205,1,0.12669,0.41564,1,0.07031,0.78519,0,,0.35146,0.6033,16.33148,0.92857,1,0.71483,0.58859,16.89271,0.92071,1,0,0,10,4.04527,1,4.28237,1,0,0,0,0,0,0,1,1,0,0,0,kod,537.40417,85.0359
0,NewMedia0,5685,93.39879,22146378923,0.17338,0.32368,93.16866,0.23013,206,1,0.18926,0.26322,1,0.07031,0.78519,0,,0.35091,0.60268,16.42128,0.93947,1,0.7137,0.58801,16.80955,0.94732,1,0,0,10,4.04674,1,4.00868,1,0,0,0,0,0,0,1,1,0,0,0,kod,42.98741,14.35745
0,NewMedia0,5697,93.59621,22148352976,0.1652,0.39025,93.41551,0.18069,207,1,0.14073,0.50685,0,0.07031,0.78519,0,,0.34998,0.60918,11.48772,0.96373,0,0.71265,0.59148,13.14648,0.96373,0,35,0,10,3.30273,0,3.75057,0,0,0,0,0,0,0,1,1,0,0,0,kod,73.59106,257.67731
0,NewMedia0,5716,93.90874,22151478412,0.17176,0.45729,93.81154,0.0972,208,1,0.12837,0.79788,1,0.07031,0.78519,0,,0.34633,0.6129,16.48839,0.92857,1,0.70803,0.59488,17.67657,0.92857,1,0,0,10,3.92905,1,4.22928,1,0,0,0,0,0,0,1,1,0,0,0,kod,73.49055,279.86835
0,NewMedia0,5762,94.66316,22159022508,0.13959,0.84349,93.9738,0.68936,209,1,0.22256,0.73872,1,0.07031,0.78519,0,,0.34135,0.61146,16.54666,0.92857,1,0.70266,0.58874,18.11025,0.92857,1,0,0,10,4.02341,1,4.29881,1,0,0,0,0,0,0,1,1,0,0,0,odgovori,421.64456,261.57648
0,NewMedia0,5783,95.00902,22162481055,0.29416,0.32219,94.72896,0.28006,210,1,0.2985,0.23606,1,0.07031,0.78519,0,,0.34331,0.60556,16.61007,0.95494,1,0.7043,0.58204,16.58997,0.95494,1,0,0,10,3.94791,1,3.93554,1,0,0,0,0,0,0,1,1,0,0,0,kod,636.43427,62.20509
0,NewMedia0,5802,95.32082,22165599104,0.26959,0.3266,95.02534,0.29547,211,1,0.28837,0.2906,1,0.07031,0.78519,0,,0.34146,0.60511,15.70816,0.94732,1,0.70267,0.58108,16.18277,0.94732,1,0,0,10,3.99303,1,4.08536,1,0,0,0,0,0,0,1,1,0,0,0,kod,47.41426,185.76515
0,NewMedia0,5825,95.69987,22169389571,0.25013,0.31597,95.33684,0.36304,212,1,0.19024,0.34455,1,0.07031,0.78519,0,,0.34561,0.60502,16.70443,0.92857,1,0.70718,0.5827,16.43676,0.92857,1,0,0,10,3.99067,1,3.961,1,0,0,0,0,0,0,1,1,0,0,0,kod,39.08718,162.91963
0,NewMedia0,5850,96.10887,22173479816,0.24376,0.36881,95.71709,0.39178,213,1,0.23874,0.41127,0,0.07031,0.78519,0,,0.34315,0.6074,15.30699,0.92857,0,0.70499,0.584,16.2436,0.92857,0,36,0,10,4.00649,0,4.12841,0,0,0,0,0,0,0,1,1,0,0,0,kod,58.36307,257.90359
0,NewMedia0,5888,96.73518,22179742790,0.25483,0.40184,96.4211,0.31409,214,1,0.141,0.77103,1,0.07031,0.78519,0,,0.3556,0.60639,16.80219,0.92857,1,0.71723,0.59655,18.6847,0.92857,1,0,0,11,4.22038,1,4.45634,1,0,0,0,0,0,0,1,1,0,0,0,kod,41.52436,300.78741
0,NewMedia0,5914,97.16078,22183998892,0.14096,0.77524,96.79897,0.36182,215,1,0.25228,0.38094,1,0.07031,0.78519,0,,0.38742,0.58827,15.76898,0.91472,1,0.74973,0.60358,17.4226,0.91472,1,0,0,11,4.24493,1,4.24962,1,0,0,0,0,0,0,1,1,0,0,0,odgovori,458.72385,241.53606
0,NewMedia0,5935,97.50523,22187443171,0.23617,0.45521,97.22758,0.27765,216,1,0.17038,0.78701,1,0.07031,0.78519,0,,0.41144,0.58766,16.82915,0.905,1,0.77371,0.61956,18.71541,0.91285,1,0,0,11,4.13512,1,4.45627,1,0,0,0,0,0,0,1,1,0,0,0,kod,390.99716,62.12587
0,NewMedia0,5974,98.14699,22193860998,0.16603,0.78148,97.57216,0.57483,217,1,0.20354,0.31775,1,0.07031,0.78519,0,,0.40125,0.58345,18.06509,0.94615,1,0.7621,0.60827,19.22307,0.94615,1,0,0,11,4.51297,1,4.61311,1,0,0,0,0,0,0,1,1,0,0,0,odgovori,377.22861,249.08423
0,NewMedia0,6002,98.60744,22198465348,0.26567,0.31511,98.21178,0.39566,218,1,0.22304,0.29441,1,0.07031,0.78519,0,,0.35703,0.59277,17.99488,0.95549,1,0.71799,0.589,18.53504,0.94643,1,0,0,11,4.33766,1,4.43054,1,0,0,0,0,0,0,1,1,0,0,0,kod,538.78772,69.2021
0,NewMedia0,6028,99.03447,22202735780,0.85904,0.96904,98.72246,0.31201,219,1,0.61563,0.86445,1,0.85729,0.92963,0,,0.37991,0.59967,17.53469,0.92258,1,0.74083,0.60473,18.66975,0.93044,1,0,0,11,4.59176,1,4.50608,1,0,0,0,0,0,0,1,1,0,0,0,sledece,1340.41724,328.20483
0,NewMedia0,6070,99.72389,22209629848,0.15364,0.8765,99.09914,0.62476,220,1,0.13147,0.97084,1,0.85677,0.9287,0,,0.36317,0.6008,17.10859,0.92071,1,0.72437,0.60172,19.07367,0.91285,1,0,0,11,4.29092,1,4.46146,1,0,0,0,0,0,0,1,1,0,0,0,odgovori,1358.05054,175.7796
0,NewMedia0,6106,100.31487,22215539670,0.14099,0.85981,99.74037,0.57449,221,1,0.09993,0.7876,1,0.85573,0.92778,0,,0.3819,0.59451,17.27961,1.01415,1,0.74033,0.60508,18.85893,1.00357,1,0,0,11,4.09115,1,4.4366,1,0,0,0,0,0,0,1,1,0,0,0,odgovori,30.2459,143.41924
0,NewMedia0,6130,100.71288,22219519846,0.14556,0.81417,100.33189,0.38098,222,1,0.14658,0.82337,1,0.85573,0.92778,0,,0.44354,0.58989,17.73228,1.02051,1,0.79608,0.64486,19.96392,1.02051,1,0,0,11,4.51573,1,4.80767,1,0,0,0,0,0,0,1,1,0,0,0,odgovori,50.06608,79.90644
0,NewMedia0,6147,100.9883,22222274008,0.18909,0.83173,100.74202,0.24628,223,1,0.27749,0.92071,1,0.85573,0.92778,0,,0.44608,0.58351,18.01994,0.94821,1,0.80024,0.6347,20.01113,0.94821,1,0,0,11,4.60603,1,4.86046,1,0,0,0,0,0,0,1,1,0,0,0,odgovori,85.70229,347.21533
0,NewMedia0,6166,101.30077,22225398596,0.87699,0.92068,101.0544,0.24637,224,1,0.90366,0.96519,1,0.89531,0.90741,0,,0.44447,0.5858,18.98068,0.9728,1,0.80014,0.62897,18.75711,0.98186,1,0,0,11,4.50125,1,4.76706,1,0,0,0,0,0,0,1,1,0,0,0,sledece,1324.25708,355.83994
0,NewMedia0,6184,101.59853,22228376183,0.91453,0.91022,101.31767,0.28085,225,1,0.89421,0.91498,1,0.90469,0.89074,0,,0.43895,0.58912,18.12893,0.98425,1,0.79694,0.62512,18.4694,0.98425,1,0,0,11,4.31736,1,4.67758,1,0,0,0,0,0,0,1,1,0,0,0,sledece,72.9567,8.90763
0,NewMedia0,6206,101.95763,22231967212,0.8254,0.92374,101.61787,0.33975,226,1,0.95137,0.93908,1,0.90469,0.88611,3,,0.42412,0.59846,17.26546,0.98186,1,0.7828,0.62388,17.61097,0.9728,1,0,0,11,4.1429,1,4.42061,1,0,0,0,0,0,0,1,1,0,0,0,prethodno,171.75145,184.87694
0,NewMedia0,6221,102.20772,22234468218,0.75145,0.74749,102.02364,0.18408,227,1,0.20176,0.23251,1,0.90469,0.88611,0,,0.40134,0.58864,16.68697,0.97307,1,0.75822,0.60788,17.64368,0.98214,1,0,0,11,4.04398,1,4.34168,1,0,0,0,0,0,0,1,1,0,0,0,,237.47118,126.7196
0,NewMedia0,6252,102.71419,22239532901,0.15904,0.25837,102.27138,0.44281,228,1,0.11839,0.15401,1,0.68125,0.82222,0,,0.41779,0.58337,16.3057,0.99121,1,0.77775,0.6097,16.71356,0.98214,1,0,0,11,3.93892,1,4.32532,1,0,0,0,0,0,0,1,1,0,0,0,kod,1254.10864,155.08867
0,NewMedia0,6277,103.12547,22243645649,0.19539,0.18675,102.73079,0.39468,229,1,0.16701,0.04982,1,0.5099,0.57593,0,,0.38955,0.58666,16.1502,0.97335,1,0.74918,0.59832,17.63606,0.96428,1,0,0,11,3.95524,1,4.30176,1,0,0,0,0,0,0,1,1,0,0,0,kod,104.18199,47.9403
0,NewMedia0,6293,103.38747,22246265539,0.15931,0.17469,103.14192,0.24554,230,1,0.1211,0.29404,1,0.38958,0.47037,0,,0.39505,0.59053,15.85746,0.96483,1,0.75361,0.60314,16.82387,0.96483,1,0,0,11,3.87411,1,4.08458,1,0,0,0,0,0,0,1,1,0,0,0,kod,70.48744,169.35158
0,NewMedia0,6332,104.02785,22252669450,0.14635,0.2747,103.40367,0.62418,231,1,0.13649,0.20406,1,0.44427,0.47593,0,,0.40747,0.59138,16.02752,0.96483,1,0.7659,0.61389,17.00673,0.96483,1,0,0,10,3.98176,1,4.20711,1,0,0,0,0,0,0,1,1,0,0,0,kod,110.84,257.02673
0,NewMedia0,6350,104.32384,22255629334,0.13525,0.26458,104.04515,0.27869,232,1,0.10588,0.1791,1,0.44427,0.47593,0,,0.398,0.58807,16.69067,1,1,0.75506,0.60439,16.95202,1,1,0,0,10,4.00662,1,4.15636,1,0,0,0,0,0,0,1,1,0,0,0,kod,23.95116,152.84955
0,NewMedia0,6375,104.73433,22259734336,0.11797,0.27864,104.33983,0.3945,233,1,0.14275,0.33069,1,0.41979,0.45185,0,,0.36916,0.59214,17.09022,0.93763,1,0.72965,0.58861,16.69621,0.92857,1,0,0,10,4.08246,1,4.27955,1,0,0,0,0,0,0,1,1,0,0,0,kod,36.48742,204.59274
0,NewMedia0,6403,105.19426,22264333460,0.12632,0.30307,104.75078,0.44348,234,1,0.14147,0.20187,1,0.125,0.22778,0,,0.33757,0.59168,16.20623,0.97335,1,0.69763,0.568,16.58596,0.96428,1,0,0,10,4.03346,1,4.19414,1,0,0,0,0,0,0,1,1,0,0,0,kod,30.87332,301.28421
0,NewMedia0,6433,105.68745,22269265479,0.12438,0.31925,105.21114,0.47632,235,1,0.14172,0.42106,1,0.07604,0.28333,0,,0.33797,0.58682,16.53988,0.91333,1,0.69961,0.56433,16.10661,0.91333,1,0,0,10,4.07024,1,4.09994,1,0,0,0,0,0,0,1,1,0,0,0,kod,17.86694,257.96701
0,NewMedia0,6460,106.13081,22273698979,0.16971,0.33025,105.70586,0.42496,236,1,0.19741,0.29742,1,0.14219,0.29907,0,,0.36067,0.58346,16.59935,0.95522,1,0.72082,0.5741,16.81763,0.96428,1,0,0,10,3.98736,1,4.15223,1,0,0,0,0,0,0,1,1,0,0,0,kod,87.84067,352.2272
0,NewMedia0,6486,106.55779,22277968825,0.18523,0.32599,106.14854,0.40924,237,1,0.16987,0.37503,1,0.27969,0.56019,0,,0.35325,0.58737,16.43092,0.92857,1,0.71366,0.57336,16.70002,0.92857,1,0,0,10,3.8696,1,4.13263,1,0,0,0,0,0,0,1,1,0,0,0,kod,30.15149,8.77702
0,NewMedia0,6522,107.15065,22283897329,0.17444,0.31291,106.57475,0.5759,238,1,0.19821,0.24352,1,0.38854,0.55833,0,,0.34483,0.57572,15.85131,0.96401,1,0.70401,0.55483,15.70425,0.95494,1,0,0,10,3.94044,1,4.02007,1,0,0,0,0,0,0,1,1,0,0,0,kod,25.07471,145.71063
0,NewMedia0,6550,107.60899,22288480940,0.18547,0.33892,107.16628,0.44272,239,1,0.15141,0.40586,1,0.38854,0.55833,0,,0.3261,0.60466,15.81741,0.95577,1,0.67877,0.55663,16.15504,0.9467,1,0,0,10,3.8254,1,3.98976,1,0,0,0,0,0,0,1,1,0,0,0,kod,35.17931,307.01251
0,NewMedia0,6571,107.95534,22291944425,0.11143,0.81971,107.67604,0.2793,240,1,0.11885,0.7545,1,0.13125,0.825,0,,0.2832,0.62582,15.78723,0.95577,1,0.63728,0.55916,16.4682,0.9467,1,0,0,10,3.8652,1,4.11757,1,0,0,0,0,0,0,1,1,0,0,0,odgovori,538.36084,254.68921
0,NewMedia0,6598,108.39815,22296372323,0.10762,0.81905,107.97209,0.42606,241,1,0.10136,0.9051,1,0.09427,0.79815,0,,0.26278,0.64867,16.08007,0.89714,1,0.62678,0.5732,17.89413,0.89714,1,0,0,10,3.92251,1,4.13885,1,0,0,0,0,0,0,1,1,0,0,0,odgovori,7.34983,174.43484
0,NewMedia0,6617,108.71169,22299507710,0.13509,0.90059,108.41432,0.29736,242,1,0.16137,0.9771,1,0.08646,0.87037,0,,0.27796,0.64439,16.1512,0.88238,1,0.64348,0.58109,17.80218,0.87452,1,0,0,10,3.82116,1,4.14849,1,0,0,0,0,0,0,1,1,0,0,0,odgovori,102.64932,300.91803
0,NewMedia0,6630,108.92513,22301642221,0.16175,0.72641,108.72826,0.19687,243,1,0.21165,0.38232,1,0.14479,0.86204,0,,0.29018,0.62816,16.3803,0.89714,1,0.65565,0.57392,16.78846,0.89714,1,0,0,10,3.92278,1,4.00964,1,0,0,0,0,0,0,1,1,0,0,0,odgovori,194.95428,74.77798
0,NewMedia0,6655,109.33418,22305732691,0.21418,0.34838,109.04024,0.29395,244,1,0.21413,0.46936,1,0.12292,0.88519,0,,0.3087,0.62456,15.84586,0.88437,1,0.67621,0.58502,16.48313,0.8991,1,0,0,10,3.87654,1,3.99436,1,0,0,0,0,0,0,1,1,0,0,0,kod,420.49957,76.14915
0,NewMedia0,6679,109.72881,22309679129,0.1758,0.87574,109.40013,0.32867,245,1,0.20819,0.50472,1,0.12292,0.88519,0,,0.31653,0.62488,16.38782,0.8819,1,0.68367,0.59047,16.74287,0.8819,1,0,0,10,3.85268,1,3.95757,1,0,0,0,0,0,0,1,1,0,0,0,odgovori,574.29614,262.6279
0,NewMedia0,6701,110.09035,22313294426,0.16788,0.4083,109.79491,0.29544,246,1,0.14443,0.81507,1,0.12865,0.88426,0,,0.31231,0.62993,16.79009,0.87428,1,0.67993,0.59676,17.5494,0.87428,1,0,0,10,4.15163,1,4.34174,1,0,0,0,0,0,0,1,1,0,0,0,kod,505.06415,91.72531
0,NewMedia0,6737,110.68251,22319216209,0.13348,0.90745,110.15675,0.52576,247,1,0.102,0.87022,1,0.05521,0.93241,0,,0.3116,0.62799,17.50052,0.91285,1,0.6809,0.59555,18.69653,0.905,1,0,0,10,4.16749,1,4.30384,1,0,0,0,0,0,0,1,1,0,0,0,odgovori,543.11304,263.01495
0,NewMedia0,6744,110.79768,22320367849,0.14583,0.79651,110.69984,0.09784,248,1,0.19181,0.54146,1,0.09635,0.9213,0,,0.31299,0.62174,17.0357,0.89714,1,0.68124,0.58916,18.63757,0.905,1,0,0,10,4.24916,1,4.28283,1,0,0,0,0,0,0,1,1,0,0,0,odgovori,122.13908,78.80553
0,NewMedia0,6780,111.38884,22326279317,0.16205,0.34748,110.86272,0.52612,249,1,0.13916,0.39776,1,0.14219,0.30185,0,,0.31328,0.61277,16.40495,0.89738,1,0.67832,0.57618,16.47719,0.89738,1,0,0,10,4.04958,1,4.01594,1,0,0,0,0,0,0,1,1,0,0,0,kod,485.95126,86.32566
0,NewMedia0,6810,111.88139,22331204818,0.14416,0.3541,111.40486,0.47653,250,1,0.18044,0.37114,1,0.1151,0.31204,0,,0.31121,0.60806,15.70818,0.92857,1,0.67497,0.57079,15.9203,0.92071,1,0,0,10,4.01093,1,3.95043,1,0,0,0,0,0,0,1,1,0,0,0,kod,35.08498,191.75801
0,NewMedia0,6831,112.22847,22334675778,0.20973,0.3344,111.89769,0.33078,251,1,0.21043,0.27312,1,0.16771,0.30556,0,,0.31301,0.60689,15.98972,0.92857,1,0.67735,0.57081,16.08335,0.92857,1,0,0,9,3.83962,1,4.03392,1,0,0,0,0,0,0,1,1,0,0,0,kod,127.67956,9.59227
0,NewMedia0,6847,112.48943,22337285173,0.21195,0.35735,112.24211,0.24731,252,1,0.19996,0.41157,1,0.18021,0.30278,0,,0.31255,0.60754,15.68372,0.88336,1,0.67642,0.57168,16.5008,0.86863,1,0,0,9,3.93027,1,3.9483,1,0,0,0,0,0,0,1,1,0,0,0,kod,25.14981,279.75757
0,NewMedia0,6862,112.73625,22339753600,0.21299,0.35144,112.50575,0.2305,253,1,0.20422,0.30453,1,0.18177,0.31204,0,,0.3104,0.60895,16.10177,0.92857,1,0.67476,0.57193,16.34922,0.92857,1,0,0,9,3.81558,1,3.9339,1,0,0,0,0,0,0,1,1,0,0,0,kod,6.68783,72.62818
0,NewMedia0,6887,113.1458,22343849044,0.20447,0.33153,112.75285,0.39294,254,1,0.25137,0.25759,1,0.18177,0.31481,0,,0.31723,0.6045,15.86034,0.92857,1,0.68096,0.57295,16.12377,0.92857,1,0,0,9,3.83645,1,4.00704,1,0,0,0,0,0,0,1,1,0,0,0,kod,27.01792,127.2623
0,NewMedia0,6923,113.73763,22349767161,0.22833,0.34375,113.16273,0.57489,255,1,0.23054,0.34778,1,0.18854,0.31296,0,,0.32792,0.60112,15.67281,0.91285,1,0.69218,0.57782,16.83051,0.92071,1,0,0,9,3.9045,1,3.95056,1,0,0,0,0,0,0,1,1,0,0,0,kod,47.67436,343.92902
0,NewMedia0,6931,113.86916,22351082560,0.23439,0.39198,113.7541,0.11505,256,1,0.32207,0.69401,0,0.19323,0.30556,0,,0.33143,0.60718,8.20824,0.96483,0,0.7203,0.56075,9.53847,0.96483,0,0,0,9,3.59605,0,3.38651,0,0,0,0,0,0,0,1,1,0,0,0,kod,53.37206,282.59167
0,NewMedia0,6961,114.36244,22356015377,0.19776,0.28558,114.13344,0.229,257,1,0.1287,0.31909,1,0.18281,0.26296,0,,0.32398,0.60265,16.23722,0.905,1,0.68709,0.57573,16.80478,0.91285,1,0,0,10,3.94508,1,4.0684,1,0,0,0,0,0,0,1,1,0,0,0,kod,134.72569,121.46791
0,NewMedia0,6979,114.65807,22358971653,0.14088,0.33779,114.37788,0.28018,258,1,0.16491,0.27188,1,0.19219,0.31759,0,,0.3258,0.60175,15.67837,0.91333,1,0.6895,0.57632,16.64443,0.91333,1,0,0,10,4.05021,1,4.07404,1,0,0,0,0,0,0,1,1,0,0,0,kod,122.9073,207.30807
0,NewMedia0,7001,115.01979,22362588763,0.15028,0.29801,114.67674,0.34305,259,1,0.07057,0.28839,1,0.21354,0.31296,0,,0.32478,0.60074,16.05878,0.92095,1,0.68772,0.57537,16.67755,0.92095,1,0,0,10,3.80555,1,4.00918,1,0,0,0,0,0,0,1,1,0,0,0,kod,46.59934,67.21329
0,NewMedia0,7019,115.31438,22365534617,0.1347,0.30946,115.0367,0.27768,260,1,0.10411,0.8587,1,0.13542,0.22407,0,,0.32666,0.61003,16.2706,0.89809,1,0.68737,0.58493,16.86712,0.89809,1,0,0,10,4.03604,1,4.25007,1,0,0,0,0,0,0,1,1,0,0,0,kod,32.36885,202.45978
0,NewMedia0,7059,115.97267,22372117586,0.13675,0.87056,115.38133,0.59134,261,1,0.09736,0.87519,1,0.08073,0.97407,0,,0.31737,0.61599,17.58131,0.92857,1,0.68146,0.58733,18.95234,0.92857,1,0,0,10,4.25382,1,4.38758,1,0,0,0,0,0,0,1,1,0,0,0,odgovori,606.00067,270.37213
0,NewMedia0,7093,116.5309,22377699891,0.1318,0.92906,115.98894,0.54196,262,1,0.14194,0.87197,1,0.06562,0.90463,0,,0.3193,0.61496,17.01001,0.91333,1,0.68355,0.58792,18.72191,0.91333,1,0,0,10,4.16175,1,4.42147,1,0,0,0,0,0,0,1,1,0,0,0,odgovori,63.89082,261.44528
0,NewMedia0,7130,117.13896,22383780445,0.12258,0.83795,116.54756,0.5914,263,1,0.08949,0.90686,1,0.06562,0.89167,0,,0.32023,0.6164,17.28038,0.93923,1,0.68415,0.59037,18.95492,0.94708,1,0,0,10,4.14489,1,4.41185,1,0,0,0,0,0,0,1,1,0,0,0,odgovori,99.97849,100.19868
0,NewMedia0,7168,117.76366,22390027426,0.11915,0.90413,117.15523,0.60843,264,1,0.10228,0.93096,1,0.06823,0.89537,0,,0.32168,0.61455,17.65077,0.89809,1,0.6861,0.58964,19.26641,0.89809,1,0,0,10,4.35202,1,4.52675,1,0,0,0,0,0,0,1,1,0,0,0,odgovori,71.77718,264.73566
0,NewMedia0,7192,118.15666,22393957712,0.13248,0.90273,117.78059,0.37607,265,1,0.56436,0.73127,1,0.73906,0.73704,0,,0.33661,0.60956,17.95516,0.92857,1,0.70055,0.59062,17.8969,0.92857,1,0,0,10,4.46533,1,4.47986,1,0,0,0,0,0,0,1,1,0,0,0,odgovori,25.63822,3.381
0,NewMedia0,7200,118.28896,22395280444,0.67152,0.79413,118.22289,0.06607,266,1,0.65638,0.80302,1,0.7651,0.73611,0,,0.34204,0.60718,18.82615,0.92857,1,0.70655,0.59023,18.0061,0.92857,1,0,0,10,4.40663,1,4.5687,1,0,0,0,0,0,0,1,1,0,0,0,,1041.58154,6.46554
0,NewMedia0,7236,118.8802,22401192874,0.18211,0.2843,118.6006,0.2796,267,1,0.14229,0.37217,1,0.7651,0.73611,0,,0.32779,0.60204,17.63104,0.89809,1,0.69178,0.57942,17.55691,0.89809,1,0,0,11,4.26537,1,4.56542,1,0,0,0,0,0,0,1,1,0,0,0,kod,1089.10645,149.631
0,NewMedia0,7243,118.99477,22402338707,0.15031,0.34573,118.89674,0.09802,268,1,0.13126,0.42101,1,0.7651,0.73611,0,,0.32757,0.60128,16.40592,0.92857,1,0.69132,0.57873,16.49374,0.92857,1,0,0,11,4.09399,1,4.30637,1,0,0,0,0,0,0,1,1,0,0,0,kod,90.16326,227.37698
0,NewMedia0,7275,119.52171,22407608063,0.15727,0.41885,119.30855,0.21317,269,1,0.17402,0.75863,1,0.7599,0.73611,0,,0.32121,0.60892,16.48518,0.905,1,0.68336,0.58305,17.23684,0.905,1,0,0,12,3.96423,1,4.22047,1,0,0,0,0,0,0,1,1,0,0,0,kod,80.09229,279.60461
0,NewMedia0,7302,119.96364,22412027447,0.23564,0.23724,119.68443,0.27921,270,1,0.22959,0.27717,1,0.82708,0.79167,0,,0.32202,0.60313,15.83724,0.94732,1,0.68486,0.57818,16.68702,0.94732,1,0,0,12,4.0061,1,4.10872,1,0,0,0,0,0,0,1,1,0,0,0,kod,247.20795,52.50592
0,NewMedia0,7325,120.3416,22415806836,0.13404,0.85753,120.02989,0.31171,271,1,0.14796,0.87276,1,0.86667,0.81481,0,,0.31794,0.61227,17.45955,0.93099,1,0.68124,0.58691,18.5619,0.91406,1,0,0,12,4.23726,1,4.29888,1,0,0,0,0,0,0,1,1,0,0,0,odgovori,697.73694,253.76497
0,NewMedia0,7355,120.83446,22420735636,0.16401,0.85384,120.35805,0.47641,272,1,0.10841,0.85801,1,0.86667,0.81481,0,,0.32311,0.61207,17.46678,0.91285,1,0.687,0.58957,19.18895,0.92071,1,0,0,12,4.44869,1,4.44449,1,0,0,0,0,0,0,1,1,0,0,0,odgovori,57.68022,3.96176
0,NewMedia0,7399,121.55791,22427970115,0.14567,0.89061,120.85298,0.70493,273,1,0.154,0.92037,1,0.86667,0.81481,0,,0.32122,0.6127,17.03068,0.88976,1,0.68429,0.58887,18.28398,0.89762,1,0,0,12,4.06786,1,4.32953,1,0,0,0,0,0,0,1,1,0,0,0,odgovori,53.07493,228.43614
0,NewMedia0,7435,122.14983,22433889304,0.12428,0.8929,121.57445,0.57538,274,1,0.08394,0.89285,1,0.06354,0.90278,0,,0.32301,0.61163,17.70411,0.92857,1,0.68538,0.58755,18.79471,0.92857,1,0,0,12,4.33268,1,4.4737,1,0,0,0,0,0,0,1,1,0,0,0,odgovori,41.1432,183.44624
0,NewMedia0,7491,123.0688,22443079019,0.12098,0.92001,122.16664,0.90216,275,1,0.13489,0.93227,1,0.06771,0.89722,0,,0.32314,0.61169,17.85954,0.92857,1,0.68614,0.5875,19.47174,0.92071,1,0,0,11,4.30496,1,4.52733,1,0,0,0,0,0,0,1,1,0,0,0,odgovori,29.95653,257.78937
0,NewMedia0,7575,124.44878,22456878632,0.1244,0.86232,123.08788,1.3609,276,1,0.25059,0.87044,1,0.78021,0.85463,0,,0.3279,0.61048,17.61395,0.90571,1,0.69048,0.58884,18.57564,0.90571,1,0,0,11,4.343,1,4.3653,1,0,0,0,0,0,0,1,1,0,0,0,odgovori,62.65024,83.98376
0,NewMedia0,7617,125.13896,22463780520,0.89535,0.98343,124.51674,0.62222,277,1,0.85307,0.92806,1,0.91042,0.88519,0,,0.34379,0.60774,16.81481,0.9295,1,0.70752,0.59104,17.94087,0.93736,1,0,0,11,4.35749,1,4.42462,1,0,0,0,0,0,0,1,1,0,0,0,sledece,1485.9917,354.95023
0,NewMedia0,7643,125.56657,22468056578,0.19061,0.33117,125.20409,0.36249,278,1,0.16482,0.2939,1,0.27292,0.67222,0,,0.33153,0.6005,16.02002,0.92095,1,0.69391,0.57977,17.22984,0.92095,1,0,0,11,3.94237,1,4.07355,1,0,0,0,0,0,0,1,1,0,0,0,kod,1525.48962,152.49797
0,NewMedia0,7663,125.89482,22471339263,0.13755,0.32269,125.5826,0.31223,279,1,0.09448,0.27546,1,0.26875,0.67407,0,,0.32368,0.6013,15.55183,0.905,1,0.68569,0.57648,16.72831,0.91285,1,0,0,11,3.92679,1,4.03659,1,0,0,0,0,0,0,1,1,0,0,0,kod,102.28605,174.86304
0,NewMedia0,7679,126.15837,22473974623,0.15686,0.32867,125.91139,0.24698,280,1,0.175,0.36698,1,0.3375,0.59907,0,,0.32262,0.6029,16.2712,0.90523,1,0.6857,0.57796,16.66027,0.89738,1,0,0,11,3.92374,1,3.8945,1,0,0,0,0,0,0,1,1,0,0,0,kod,37.6335,350.11841
0,NewMedia0,7698,126.47066,22477097403,0.20609,0.31279,126.17418,0.29648,281,1,0.21811,0.46617,0,0.34115,0.61019,0,,0.32456,0.60759,14.37852,0.89714,0,0.68958,0.58361,15.01578,0.89714,0,40,0,11,3.40291,0,3.77966,0,0,0,0,0,0,0,1,1,0,0,0,kod,96.06493,10.2841
0,NewMedia0,7741,127.17647,22484155507,0.17471,0.13323,126.73262,0.44385,282,1,0.18697,0.14256,1,0.39531,0.5537,0,,0.3166,0.60041,16.26693,0.91333,1,0.6808,0.57628,17.09944,0.91333,1,0,0,11,3.817,1,4.16347,1,0,0,0,0,0,0,1,1,0,0,0,pitanje,203.06857,107.25925
0,NewMedia0,7765,127.57146,22488105550,0.20255,0.14895,127.20988,0.36157,283,1,0.13767,0.37967,1,0.39531,0.5537,0,,0.32896,0.60028,15.65765,0.88976,1,0.69406,0.58409,15.89535,0.89762,1,0,0,11,3.91168,1,3.94166,1,0,0,0,0,0,0,1,1,0,0,0,pitanje,56.08422,342.37918
0,NewMedia0,7803,128.19518,22494342605,0.17779,0.35036,127.63676,0.55841,284,1,0.15324,0.24263,1,0.39323,0.57037,0,,0.328,0.60434,16.49457,0.92857,1,0.69628,0.59062,16.83586,0.91384,1,0,0,11,4.01728,1,4.21063,1,0,0,0,0,0,0,1,1,0,0,0,kod,222.657,257.67197
0,NewMedia0,7830,128.63832,22498774283,0.14662,0.84056,128.30986,0.32846,285,1,0.13366,0.76345,1,0.4,0.57037,0,,0.32312,0.61463,17.45824,0.92095,1,0.69077,0.5978,18.91616,0.92095,1,0,0,11,4.10236,1,4.37172,1,0,0,0,0,0,0,1,1,0,0,0,odgovori,532.78784,263.55054
0,NewMedia0,7851,128.98375,22502228606,0.24117,0.33385,128.70506,0.27869,286,1,0.21608,0.28098,1,0.40156,0.56667,0,,0.32967,0.60394,17.53531,0.89714,1,0.69857,0.5909,18.37569,0.89714,1,0,0,11,4.11172,1,4.32645,1,0,0,0,0,0,0,1,1,0,0,0,kod,576.57123,71.64797
0,NewMedia0,7871,129.313,22505521020,0.25542,0.31856,129.00026,0.31274,287,1,0.31272,0.24552,1,0.40156,0.56667,0,,0.32678,0.60957,16.66585,0.89,1,0.69716,0.59778,18.16665,0.89785,1,0,0,11,4.11336,1,4.28395,1,0,0,0,0,0,0,1,1,0,0,0,kod,31.95707,31.11318
0,NewMedia0,7886,129.55904,22507981275,0.21551,0.28047,129.3289,0.23013,288,1,0.14749,0.25288,1,0.40156,0.56667,0,,0.31884,0.61098,17.5907,0.92857,1,0.68783,0.59462,17.20342,0.92857,1,0,0,11,4.30128,1,4.3189,1,0,0,0,0,0,0,1,1,0,0,0,kod,86.97123,151.77095
0,NewMedia0,7896,129.72438,22509634767,0.16321,0.37468,129.57545,0.14893,289,1,0.15081,0.45172,0,0.40156,0.56667,0,,0.31881,0.6136,15.26118,0.87142,0,0.68694,0.59502,16.63777,0.87142,0,41,0,11,3.60071,0,4.16577,0,0,0,0,0,0,0,1,1,0,0,0,kod,142.95377,225.37717
0,NewMedia0,7931,130.2982,22515372986,0.15283,0.36588,130.03749,0.26071,290,1,0.15513,0.95401,1,0.41042,0.56852,0,,0.31996,0.61626,17.46017,0.89714,1,0.68583,0.59934,19.38269,0.89714,1,0,0,12,4.36858,1,4.51717,1,0,0,0,0,0,0,1,1,0,0,0,kod,22.07976,154.50456
0,NewMedia0,7965,130.85771,22520968187,0.14417,0.87519,130.36385,0.49387,291,1,0.10446,0.78021,1,0.14635,0.75833,0,,0.32301,0.61626,18.00974,0.95577,1,0.69033,0.59939,19.96409,0.94791,1,0,0,12,4.369,1,4.55991,1,0,0,0,0,0,0,1,1,0,0,0,odgovori,550.30603,268.26859
0,NewMedia0,8000,131.43443,22526735244,0.15125,0.87924,130.87318,0.56125,292,1,0.20438,0.8677,1,0.07187,0.78519,0,,0.3244,0.61784,18.21117,0.89,1,0.69241,0.60164,19.89718,0.88214,1,0,0,12,4.43081,1,4.60527,1,0,0,0,0,0,0,1,1,0,0,0,odgovori,14.28,342.1636
0,NewMedia0,8027,131.87685,22531159372,0.20172,0.90529,131.44753,0.42932,293,1,0.11592,0.99376,1,0.0651,0.78426,0,,0.32162,0.61753,17.80586,0.89809,1,0.68886,0.60064,19.13391,0.89809,1,0,0,12,4.26267,1,4.42945,1,0,0,0,0,0,0,1,1,0,0,0,odgovori,100.90388,343.81021
0,NewMedia0,8053,132.30266,22535417542,0.13914,0.90017,131.89305,0.40961,294,1,0.12346,0.80482,1,0.0651,0.78426,0,,0.31881,0.60943,17.47765,0.86857,1,0.68635,0.59257,18.75704,0.86857,1,0,0,12,4.15737,1,4.36874,1,0,0,0,0,0,0,1,1,0,0,0,odgovori,120.28077,177.36507
0,NewMedia0,8072,132.61522,22538543026,0.11178,0.80415,132.36827,0.24695,295,1,0.13996,0.83914,1,0.0651,0.78426,0,,0.32765,0.60909,16.86692,0.86666,1,0.69644,0.59706,18.63015,0.86666,1,0,0,12,4.25439,1,4.30118,1,0,0,0,0,0,0,1,1,0,0,0,odgovori,116.24785,116.86498
0,NewMedia0,8112,133.27263,22545117364,0.17921,0.36326,132.92772,0.34491,296,1,0.16851,0.31637,1,0.06615,0.78519,0,,0.33057,0.59951,16.39154,0.89023,1,0.69858,0.58743,17.47641,0.89809,1,0,0,13,4.09325,1,4.12108,1,0,0,0,0,0,0,1,1,0,0,0,kod,493.44791,74.7893
0,NewMedia0,8138,133.69911,22549382076,0.14573,0.30396,133.28877,0.41034,297,1,0.12745,0.22659,1,0.06615,0.78519,0,,0.33262,0.59829,16.43001,0.91285,1,0.69962,0.58661,16.76764,0.905,1,0,0,12,3.78485,1,4.04652,1,0,0,0,0,0,0,1,1,0,0,0,kod,90.74007,135.10609
0,NewMedia0,8155,133.97871,22552177961,0.1788,0.26881,133.71471,0.26401,298,1,0.14886,0.22945,1,0.06615,0.78519,0,,0.33742,0.59601,16.1921,0.89809,1,0.70323,0.58489,16.94917,0.89809,1,0,0,12,3.8174,1,4.13725,1,0,0,0,0,0,0,1,1,0,0,0,kod,73.97735,30.87433
0,NewMedia0,8191,134.57011,22558092243,0.19471,0.14541,133.99535,0.57477,299,1,0.24641,0.22387,1,0.06667,0.78519,0,,0.33496,0.59601,16.04391,0.86666,1,0.70072,0.58433,17.40459,0.86666,1,0,0,12,3.9639,1,4.15181,1,0,0,0,0,0,0,1,1,0,0,0,pitanje,136.72807,77.09026
0,NewMedia0,8212,134.91487,22561539796,0.19793,0.19831,134.58641,0.32846,300,1,0.15489,0.35297,1,0.06667,0.78519,0,,0.33443,0.59902,16.18098,0.91333,1,0.70065,0.58713,16.36427,0.91333,1,0,0,12,3.91003,1,4.03209,1,0,0,0,0,0,0,1,1,0,0,0,kod,57.46553,276.17606
0,NewMedia0,8240,135.37474,22566138305,0.19026,0.32578,134.93184,0.4429,301,1,0.24359,0.32109,1,0.06667,0.78519,0,,0.33276,0.60019,16.68262,0.86863,1,0.69928,0.58759,17.36134,0.88336,1,0,0,12,3.93639,1,4.14186,1,0,0,0,0,0,0,1,1,0,0,0,kod,138.45302,263.89426
0,NewMedia0,8258,135.67055,22569096386,0.27341,0.33337,135.39046,0.28009,302,1,0.29935,0.26926,1,0.06667,0.78519,0,,0.33444,0.60003,16.3446,0.92095,1,0.7011,0.58866,17.03363,0.92095,1,0,0,12,3.97712,1,4.16109,1,0,0,0,0,0,0,1,1,0,0,0,kod,159.85831,357.0607
0,NewMedia0,8288,136.16383,22574029438,0.27227,0.30256,135.68681,0.47702,303,1,0.2026,0.27294,1,0.06667,0.78519,0,,0.33215,0.60042,16.28977,0.90523,1,0.69864,0.58854,16.97917,0.91309,1,0,0,12,3.94438,1,4.13571,1,0,0,0,0,0,0,1,1,0,0,0,kod,33.34673,93.76353
0,NewMedia0,8298,136.3278,22575668988,0.18994,0.3466,136.18269,0.14511,304,1,0.1671,0.4074,0,0.06667,0.78519,0,,0.33418,0.60361,14.76804,0.89809,0,0.70059,0.59116,15.42735,0.89809,0,43,0,12,3.6582,0,3.93289,0,0,0,0,0,0,0,1,1,0,0,0,kod,165.07423,196.74617
0,NewMedia0,8327,136.80556,22580446557,0.15493,0.46616,136.54256,0.263,305,1,0.14718,0.87946,1,0.06667,0.78519,0,,0.33138,0.61035,17.05206,0.91285,1,0.69716,0.59925,18.5877,0.905,1,0,0,13,4.26318,1,4.31333,1,0,0,0,0,0,0,1,1,0,0,0,kod,145.57347,242.4996
0,NewMedia0,8355,137.26414,22585032529,0.15873,0.88167,136.86922,0.39493,306,1,0.17101,0.8222,1,0.06667,0.78519,0,,0.33169,0.61008,16.52032,0.92857,1,0.69865,0.59862,18.25262,0.92857,1,0,0,13,4.07446,1,4.29605,1,0,0,0,0,0,0,1,1,0,0,0,odgovori,448.81012,270.93146
0,NewMedia0,8374,137.5761,22588151875,0.18923,0.87998,137.28084,0.29526,307,1,0.1959,0.96483,1,0.06667,0.78519,0,,0.33096,0.61069,16.33091,0.86128,1,0.698,0.59921,18.20939,0.86815,1,0,0,13,4.02738,1,4.22327,1,0,0,0,0,0,0,1,1,0,0,0,odgovori,58.58843,1.78521
0,NewMedia0,8433,138.54494,22597840228,0.19983,0.90998,137.59233,0.95261,308,1,0.19353,0.8889,1,0.06667,0.78519,0,,0.33519,0.6101,16.53316,0.92071,1,0.70279,0.60194,17.9793,0.92071,1,0,0,12,4.0019,1,4.15958,1,0,0,0,0,0,0,1,1,0,0,0,odgovori,38.26175,302.13492
0,NewMedia0,8446,138.75938,22599984732,0.18358,0.77572,138.5619,0.19748,309,1,0.1911,0.36231,1,0.06667,0.78519,0,,0.33702,0.60116,17.02941,0.88437,1,0.70278,0.59204,17.23136,0.8991,1,0,0,12,3.96055,1,4.05788,1,0,0,0,0,0,0,1,1,0,0,0,odgovori,148.31949,102.14325
0,NewMedia0,8469,139.13762,22603767080,0.1706,0.35659,138.82478,0.31284,310,1,0.14229,0.3426,1,0.06667,0.78519,0,,0.33448,0.60447,16.4674,0.89785,1,0.70001,0.59293,16.57914,0.90571,1,0,0,12,4.01199,1,4.10145,1,0,0,0,0,0,0,1,1,0,0,0,kod,453.34589,93.15129
0,NewMedia0,8499,139.63075,22608698543,0.16311,0.33691,139.15462,0.47614,311,1,0.1446,0.31769,1,0.06667,0.78519,0,,0.31868,0.60754,16.36993,0.92857,1,0.67608,0.5751,16.33451,0.92857,1,0,0,12,4.04525,1,4.1807,1,0,0,0,0,0,0,1,1,0,0,0,kod,25.66236,124.08243
0,NewMedia0,8511,139.82799,22610670731,0.13645,0.3013,139.64684,0.18115,312,1,0.12415,0.5083,0,0.06667,0.78519,0,,0.31856,0.61228,9.8782,0.92857,0,0.67544,0.57709,11.60026,0.92857,0,44,0,12,3.51196,0,3.61135,0,0,0,0,0,0,0,1,1,0,0,0,kod,64.0251,143.08113
0,NewMedia0,8542,140.33781,22615769113,0.1596,0.28935,140.04176,0.29605,313,1,0.19884,0.31264,1,0.06667,0.78519,0,,0.33137,0.60249,17.59852,0.96483,1,0.69007,0.57538,17.13097,0.96483,1,0,0,13,4.24423,1,4.2166,1,0,0,0,0,0,0,1,1,0,0,0,kod,46.28381,16.19124
0,NewMedia0,8581,140.97765,22622167364,0.15975,0.32234,140.35341,0.62424,314,1,0.15423,0.43269,1,0.06667,0.78519,0,,0.33608,0.60074,16.90347,0.95577,1,0.69383,0.57788,17.0348,0.9467,1,0,0,12,4.19108,1,4.29269,1,0,0,0,0,0,0,1,1,0,0,0,kod,35.63034,270.4631
0,NewMedia0,8632,141.81502,22630541081,0.1376,0.8855,141.04228,0.77274,315,1,0.08797,0.92609,1,0.06823,0.87778,0,,0.34034,0.60345,17.49969,0.93829,1,0.69957,0.58694,18.99042,0.93044,1,0,0,11,4.28437,1,4.50907,1,0,0,0,0,0,0,1,1,0,0,0,odgovori,609.69788,266.00024
0,NewMedia0,8672,142.47249,22637115960,0.12018,0.89972,141.84789,0.6246,316,1,0.16556,0.85644,1,0.06719,0.8963,0,,0.34389,0.60188,17.78277,0.92857,1,0.70428,0.58818,19.31245,0.92857,1,0,0,11,4.27064,1,4.61152,1,0,0,0,0,0,0,1,1,0,0,0,odgovori,36.80378,204.66319
0,NewMedia0,8695,142.85057,22640896723,0.17671,0.89764,142.48891,0.36166,317,1,0.17119,0.81602,1,0.06719,0.8963,0,,0.34514,0.60317,17.47329,0.96373,1,0.70564,0.5901,19.39441,0.96373,1,0,0,11,4.33725,1,4.59077,1,0,0,0,0,0,0,1,1,0,0,0,odgovori,108.56084,1.18571
0,NewMedia0,8723,143.31026,22645493679,0.21312,0.87151,142.86589,0.44437,318,1,0.17778,0.86725,1,0.06719,0.8963,0,,0.34014,0.60447,17.33,0.95549,1,0.70079,0.58943,18.74248,0.96456,1,0,0,11,4.29194,1,4.4382,1,0,0,0,0,0,0,1,1,0,0,0,odgovori,75.38835,21.98308
0,NewMedia0,8772,144.11473,22653538130,0.18529,0.86851,143.32716,0.78757,319,1,0.2258,0.85477,1,0.06719,0.8963,0,,0.33282,0.60383,16.09694,0.92857,1,0.69333,0.58532,17.85137,0.92857,1,0,0,11,4.07099,1,4.25086,1,0,0,0,0,0,0,1,1,0,0,0,odgovori,53.53177,176.53001
0,NewMedia0,8799,144.55916,22657982695,0.20173,0.84312,144.13084,0.42831,320,1,0.11645,0.87264,1,0.06719,0.8963,0,,0.33888,0.59987,16.22673,0.92857,1,0.69969,0.5855,18.16398,0.92857,1,0,0,11,3.98912,1,4.24571,1,0,0,0,0,0,0,1,1,0,0,0,odgovori,41.8122,40.98172
0,NewMedia0,8817,144.85497,22660940496,0.14665,0.84209,144.57426,0.2807,321,1,0.1562,0.8404,0,0.06719,0.8963,0,,0.33982,0.60071,15.21152,0.92857,0,0.70046,0.58564,17.79248,0.92857,0,45,0,10,3.88893,0,4.29505,0,0,0,0,0,0,0,1,1,0,0,0,odgovori,105.75945,179.39737
0,NewMedia0,8876,145.82384,22670629426,0.12338,0.90908,145.11754,0.7063,322,1,0.11198,0.91486,1,0.06719,0.8963,0,,0.33546,0.60244,16.09737,0.92857,1,0.69604,0.58518,17.81305,0.92857,1,0,0,11,3.97865,1,4.20129,1,0,0,0,0,0,0,1,1,0,0,0,odgovori,85.03277,238.3031
0,NewMedia0,8928,146.68202,22679211042,0.12242,0.8696,145.84013,0.84189,323,1,0.12045,0.80433,1,0.06771,0.8713,0,,0.33121,0.60408,15.98252,0.96456,1,0.69192,0.585,17.8755,0.96456,1,0,0,11,3.98758,1,4.16939,1,0,0,0,0,0,0,1,1,0,0,0,odgovori,42.67831,92.47527
0,NewMedia0,8958,147.17018,22684092721,0.12741,0.8638,146.69353,0.47665,324,1,0.11848,0.96383,1,0.06771,0.86296,0,,0.33003,0.60467,16.54666,0.92857,1,0.6901,0.58491,18.06466,0.92857,1,0,0,11,4.07946,1,4.25443,1,0,0,0,0,0,0,1,1,0,0,0,odgovori,11.44679,33.17688
0,NewMedia0,8984,147.59764,22688367266,0.16066,0.9101,147.18706,0.41058,325,1,0.20646,0.90716,1,0.06771,0.86296,0,,0.32949,0.60452,16.57742,0.94732,1,0.69003,0.58389,17.98638,0.94732,1,0,0,11,4.09216,1,4.30513,1,0,0,0,0,0,0,1,1,0,0,0,odgovori,81.09218,321.92947
0,NewMedia0,9007,147.976,22692151095,0.2082,0.88567,147.61415,0.36185,326,1,0.17478,0.59184,1,0.61771,0.86111,0,,0.33211,0.60121,16.66871,0.92857,1,0.69187,0.58172,17.15579,0.92857,1,0,0,11,4.02619,1,4.32614,1,0,0,0,0,0,0,1,1,0,0,0,odgovori,95.01361,16.12239
0,NewMedia0,9032,148.38661,22696257142,0.2431,0.29127,148.04103,0.34558,327,1,0.28493,0.28735,1,0.62083,0.85833,0,,0.33218,0.59672,15.64222,0.91622,1,0.69268,0.57654,16.33804,0.92529,1,0,0,11,3.89685,1,4.04169,1,0,0,0,0,0,0,1,1,0,0,0,kod,645.43976,84.04095
0,NewMedia0,9055,148.76479,22700038775,0.17865,0.29406,148.40303,0.36176,328,1,0.14666,0.32199,1,0.62448,0.85556,0,,0.3287,0.59697,15.64872,0.94615,1,0.68921,0.57594,16.52242,0.94615,1,0,0,11,3.77503,1,3.9353,1,0,0,0,0,0,0,1,1,0,0,0,kod,123.78066,181.3949
0,NewMedia0,9071,149.02757,22702666758,0.14134,0.28889,148.78188,0.2457,329,1,0.11896,0.45217,0,0.62448,0.85556,0,,0.32871,0.5975,15.8785,0.92857,0,0.68867,0.57791,9.83043,0.92857,0,46,0,11,3.79485,0,3.57679,0,0,0,0,0,0,0,1,1,0,0,0,kod,71.8525,175.54311
0,NewMedia0,9107,149.61864,22708577462,0.17358,0.15856,149.29164,0.327,330,1,0.21341,0.07455,1,0.63542,0.85556,0,,0.32845,0.59487,16.16353,0.92857,1,0.68837,0.57333,17.33399,0.92857,1,0,0,12,3.81372,1,4.11911,1,0,0,0,0,0,0,1,1,0,0,0,kod,153.7663,66.26142
0,NewMedia0,9148,150.29228,22715313705,0.90507,0.92139,149.73445,0.55783,331,1,0.881,0.87247,1,0.90938,0.88796,0,,0.344,0.60594,15.92802,0.95522,1,0.7042,0.5877,17.09669,0.96428,1,0,0,12,3.89837,1,4.04401,1,0,0,0,0,0,0,1,1,0,0,0,sledece,1628.26575,329.60413
0,NewMedia0,9181,150.83376,22720728660,0.90713,0.91362,150.30965,0.52411,332,1,0.90477,0.99474,1,0.90833,0.88519,0,,0.34163,0.60722,16.06482,0.905,1,0.70237,0.58776,16.81219,0.91285,1,0,0,12,3.96255,1,4.12271,1,0,0,0,0,0,0,1,1,0,0,0,sledece,9.27699,64.76417
0,NewMedia0,9210,151.31221,22725513065,0.87835,0.92635,150.851,0.46121,333,1,0.61615,0.60768,1,0.89792,0.87778,0,,0.33566,0.60291,16.47282,0.95494,1,0.69586,0.58259,16.9377,0.95494,1,0,0,12,4.27726,1,4.41069,1,0,0,0,0,0,0,1,1,0,0,0,sledece,56.94223,193.97185
0,NewMedia0,9227,151.58965,22728287562,0.41051,0.39981,151.37599,0.21365,334,1,0.39589,0.33684,1,0.60729,0.74722,0,,0.33134,0.59945,16.55062,0.92857,1,0.69154,0.57845,16.77136,0.92857,1,0,0,12,4.00781,1,4.16473,1,0,0,0,0,0,0,1,1,0,0,0,kod,1063.12561,147.66302
0,NewMedia0,9247,151.91823,22731573260,0.41192,0.38829,151.60603,0.31219,335,1,0.61834,0.49005,1,0.56406,0.63333,0,,0.33855,0.6014,16.83056,0.94615,1,0.69731,0.58186,17.04641,0.94615,1,0,0,12,4.26532,1,4.20092,1,0,0,0,0,0,0,1,1,0,0,0,kod,12.73275,77.72417
0,NewMedia0,9266,152.23198,22734710640,0.67924,0.53462,151.98415,0.24783,336,1,0.69723,0.45265,1,0.56406,0.63333,0,,0.33217,0.60246,16.89667,1.00476,1,0.691,0.58043,16.36051,1.00476,1,0,0,12,4.15371,1,4.01761,1,0,0,0,0,0,0,1,1,0,0,0,,537.034,342.88586
0,NewMedia0,9284,152.52623,22737653415,0.65946,0.54924,152.24724,0.27899,337,1,0.69152,0.55839,1,0.56406,0.63333,0,,0.28313,0.60962,16.4774,0.92857,1,0.63619,0.5647,16.12644,0.92857,1,0,0,12,4.11507,1,4.18754,1,0,0,0,0,0,0,1,1,0,0,0,,41.12913,202.57568
0,NewMedia0,9300,152.79173,22740308326,0.70819,0.64233,152.54305,0.24869,338,1,0.88994,0.89976,1,0.56406,0.63333,0,,0.33025,0.62249,16.41158,0.93763,1,0.68074,0.60065,17.14801,0.92857,1,0,0,12,4.43374,1,4.3676,1,0,0,0,0,0,0,1,1,0,0,0,,137.33719,312.9418
0,NewMedia0,9320,153.11855,22743576511,0.89178,0.95494,152.85509,0.26346,339,1,0.8178,0.96839,1,0.56406,0.63333,0,,0.29074,0.55578,16.75367,1,1,0.64583,0.54164,17.18721,1,1,0,0,12,5.20645,1,4.56972,1,0,0,0,0,0,0,1,1,0,0,0,sledece,488.09595,316.23471
0,NewMedia0,9335,153.36504,22746041457,0.74132,1.01466,153.13606,0.22897,340,1,0.70012,1.10114,1,0.56406,0.63333,0,,0.09631,0.54705,19.04536,1,1,0.46379,0.50137,16.95304,1,1,0,0,12,5.60433,1,4.28826,1,0,0,0,0,0,0,1,1,0,0,0,,295.99567,192.58575
0,NewMedia0,9355,153.69649,22749355691,0.52342,0.35492,153.42986,0.26663,341,1,0.41609,0.27104,1,0.56094,0.00185,0,,0.00069,0.57072,20.05725,0.92857,0,0.36882,0.51964,18.12709,0.92857,1,0,0,12,5.72802,0,4.44413,1,0,0,0,0,0,0,1,1,0,0,0,kod,826.26593,120.42007
0,NewMedia0,9374,154.00581,22752449235,0.37508,0.13194,153.75987,0.24594,342,1,0.46023,0.12786,1,0.36667,0.07963,0,,0.18488,0.57912,17.5524,0.92857,1,0.54358,0.54483,18.0507,0.92857,1,0,0,11,4.90587,1,4.6334,1,0,0,0,0,0,0,1,1,0,0,0,pitanje,372.97699,139.78441
0,NewMedia0,9388,154.23549,22754745977,0.39757,0.12566,154.02299,0.21249,343,1,0.39393,0.15063,1,0.36771,0.08056,0,,0.2693,0.56846,17.3125,0.92857,1,0.63059,0.56013,17.06192,0.92857,1,0,0,11,4.41483,1,4.27525,1,0,0,0,0,0,0,1,1,0,0,0,pitanje,43.71026,8.92651
